id,nationalDex,name,form,type1,type2,total,hp,attack,defense,specialAttack,specialDefense,speed,generation,image,shinyImage
1,1,Bulbasaur,,Grass,Poison,318,45,49,49,65,65,45,1,bulbasaur,bulbasaur-shiny
2,2,Ivysaur,,Grass,Poison,405,60,62,63,80,80,60,1,ivysaur,ivysaur-shiny
3,3,Venusaur,,Grass,Poison,525,80,82,83,100,100,80,1,venusaur,venusaur-shiny
4,4,Charmander,,Fire,,309,39,52,43,60,50,65,1,charmander,charmander-shiny
5,5,Charmeleon,,Fire,,405,58,64,58,80,65,80,1,charmeleon,charmeleon-shiny
6,6,Charizard,,Fire,Flying,534,78,84,78,109,85,100,1,charizard,charizard-shiny
7,7,Squirtle,,Water,,314,44,48,65,50,64,43,1,squirtle,squirtle-shiny
8,8,Wartortle,,Water,,405,59,63,80,65,80,58,1,wartortle,wartortle-shiny
9,9,Blastoise,,Water,,530,79,83,100,85,105,78,1,blastoise,blastoise-shiny
10,10,Caterpie,,Bug,,195,45,30,35,20,20,45,1,caterpie,caterpie-shiny
11,11,Metapod,,Bug,,205,50,20,55,25,25,30,1,metapod,metapod-shiny
12,12,Butterfree,,Bug,Flying,395,60,45,50,90,80,70,1,butterfree,butterfree-shiny
13,13,Weedle,,Bug,Poison,195,40,35,30,20,20,50,1,weedle,weedle-shiny
14,14,Kakuna,,Bug,Poison,205,45,25,50,25,25,35,1,kakuna,kakuna-shiny
15,15,Beedrill,,Bug,Poison,395,65,90,40,45,80,75,1,beedrill,beedrill-shiny
16,16,Pidgey,,Normal,Flying,251,40,45,40,35,35,56,1,pidgey,pidgey-shiny
17,17,Pidgeotto,,Normal,Flying,349,63,60,55,50,50,71,1,pidgeotto,pidgeotto-shiny
18,18,Pidgeot,,Normal,Flying,479,83,80,75,70,70,101,1,pidgeot,pidgeot-shiny
19,19,Rattata,,Normal,,253,30,56,35,25,35,72,1,rattata,rattata-shiny
20,20,Raticate,,Normal,,413,55,81,60,50,70,97,1,raticate,raticate-shiny
21,21,Spearow,,Normal,Flying,262,40,60,30,31,31,70,1,spearow,spearow-shiny
22,22,Fearow,,Normal,Flying,442,65,90,65,61,61,100,1,fearow,fearow-shiny
23,23,Ekans,,Poison,,288,35,60,44,40,54,55,1,ekans,ekans-shiny
24,24,Arbok,,Poison,,448,60,95,69,65,79,80,1,arbok,arbok-shiny
25,25,Pikachu,,Electric,,320,35,55,40,50,50,90,1,pikachu,pikachu-shiny
26,26,Raichu,,Electric,,485,60,90,55,90,80,110,1,raichu,raichu-shiny
27,27,Sandshrew,,Ground,,300,50,75,85,20,30,40,1,sandshrew,sandshrew-shiny
28,28,Sandslash,,Ground,,450,75,100,110,45,55,65,1,sandslash,sandslash-shiny
29,29,Nidoran,Female,Poison,,275,55,47,52,40,40,41,1,nidoran-f,nidoran-shiny
30,30,Nidorina,,Poison,,365,70,62,67,55,55,56,1,nidorina,nidorina-shiny
31,31,Nidoqueen,,Poison,Ground,505,90,92,87,75,85,76,1,nidoqueen,nidoqueen-shiny
32,32,Nidoran,Male,Poison,,273,46,57,40,40,40,50,1,nidoran-m,nidoran-shiny
33,33,Nidorino,,Poison,,365,61,72,57,55,55,65,1,nidorino,nidorino-shiny
34,34,Nidoking,,Poison,Ground,505,81,102,77,85,75,85,1,nidoking,nidoking-shiny
35,35,Clefairy,,Fairy,,323,70,45,48,60,65,35,1,clefairy,clefairy-shiny
36,36,Clefable,,Fairy,,483,95,70,73,95,90,60,1,clefable,clefable-shiny
37,37,Vulpix,,Fire,,299,38,41,40,50,65,65,1,vulpix,vulpix-shiny
38,38,Ninetales,,Fire,,505,73,76,75,81,100,100,1,ninetales,ninetales-shiny
39,39,Jigglypuff,,Normal,Fairy,270,115,45,20,45,25,20,1,jigglypuff,jigglypuff-shiny
40,40,Wigglytuff,,Normal,Fairy,435,140,70,45,85,50,45,1,wigglytuff,wigglytuff-shiny
41,41,Zubat,,Poison,Flying,245,40,45,35,30,40,55,1,zubat,zubat-shiny
42,42,Golbat,,Poison,Flying,455,75,80,70,65,75,90,1,golbat,golbat-shiny
43,43,Oddish,,Grass,Poison,320,45,50,55,75,65,30,1,oddish,oddish-shiny
44,44,Gloom,,Grass,Poison,395,60,65,70,85,75,40,1,gloom,gloom-shiny
45,45,Vileplume,,Grass,Poison,490,75,80,85,110,90,50,1,vileplume,vileplume-shiny
46,46,Paras,,Bug,Grass,285,35,70,55,45,55,25,1,paras,paras-shiny
47,47,Parasect,,Bug,Grass,405,60,95,80,60,80,30,1,parasect,parasect-shiny
48,48,Venonat,,Bug,Poison,305,60,55,50,40,55,45,1,venonat,venonat-shiny
49,49,Venomoth,,Bug,Poison,450,70,65,60,90,75,90,1,venomoth,venomoth-shiny
50,50,Diglett,,Ground,,265,10,55,25,35,45,95,1,diglett,diglett-shiny
51,51,Dugtrio,,Ground,,425,35,100,50,50,70,120,1,dugtrio,dugtrio-shiny
52,52,Meowth,,Normal,,290,40,45,35,40,40,90,1,meowth,meowth-shiny
53,53,Persian,,Normal,,440,65,70,60,65,65,115,1,persian,persian-shiny
54,54,Psyduck,,Water,,320,50,52,48,65,50,55,1,psyduck,psyduck-shiny
55,55,Golduck,,Water,,500,80,82,78,95,80,85,1,golduck,golduck-shiny
56,56,Mankey,,Fighting,,305,40,80,35,35,45,70,1,mankey,mankey-shiny
57,57,Primeape,,Fighting,,455,65,105,60,60,70,95,1,primeape,primeape-shiny
58,58,Growlithe,,Fire,,350,55,70,45,70,50,60,1,growlithe,growlithe-shiny
59,59,Arcanine,,Fire,,555,90,110,80,100,80,95,1,arcanine,arcanine-shiny
60,60,Poliwag,,Water,,300,40,50,40,40,40,90,1,poliwag,poliwag-shiny
61,61,Poliwhirl,,Water,,385,65,65,65,50,50,90,1,poliwhirl,poliwhirl-shiny
62,62,Poliwrath,,Water,Fighting,510,90,95,95,70,90,70,1,poliwrath,poliwrath-shiny
63,63,Abra,,Psychic,,310,25,20,15,105,55,90,1,abra,abra-shiny
64,64,Kadabra,,Psychic,,400,40,35,30,120,70,105,1,kadabra,kadabra-shiny
65,65,Alakazam,,Psychic,,500,55,50,45,135,95,120,1,alakazam,alakazam-shiny
66,66,Machop,,Fighting,,305,70,80,50,35,35,35,1,machop,machop-shiny
67,67,Machoke,,Fighting,,405,80,100,70,50,60,45,1,machoke,machoke-shiny
68,68,Machamp,,Fighting,,505,90,130,80,65,85,55,1,machamp,machamp-shiny
69,69,Bellsprout,,Grass,Poison,300,50,75,35,70,30,40,1,bellsprout,bellsprout-shiny
70,70,Weepinbell,,Grass,Poison,390,65,90,50,85,45,55,1,weepinbell,weepinbell-shiny
71,71,Victreebel,,Grass,Poison,490,80,105,65,100,70,70,1,victreebel,victreebel-shiny
72,72,Tentacool,,Water,Poison,335,40,40,35,50,100,70,1,tentacool,tentacool-shiny
73,73,Tentacruel,,Water,Poison,515,80,70,65,80,120,100,1,tentacruel,tentacruel-shiny
74,74,Geodude,,Rock,Ground,300,40,80,100,30,30,20,1,geodude,geodude-shiny
75,75,Graveler,,Rock,Ground,390,55,95,115,45,45,35,1,graveler,graveler-shiny
76,76,Golem,,Rock,Ground,495,80,120,130,55,65,45,1,golem,golem-shiny
77,77,Ponyta,,Fire,,410,50,85,55,65,65,90,1,ponyta,ponyta-shiny
78,78,Rapidash,,Fire,,500,65,100,70,80,80,105,1,rapidash,rapidash-shiny
79,79,Slowpoke,,Water,Psychic,315,90,65,65,40,40,15,1,slowpoke,slowpoke-shiny
80,80,Slowbro,,Water,Psychic,490,95,75,110,100,80,30,1,slowbro,slowbro-shiny
81,81,Magnemite,,Electric,Steel,325,25,35,70,95,55,45,1,magnemite,magnemite-shiny
82,82,Magneton,,Electric,Steel,465,50,60,95,120,70,70,1,magneton,magneton-shiny
83,83,Farfetch'd,,Normal,Flying,377,52,90,55,58,62,60,1,farfetch'd,farfetch'd-shiny
84,84,Doduo,,Normal,Flying,310,35,85,45,35,35,75,1,doduo,doduo-shiny
85,85,Dodrio,,Normal,Flying,470,60,110,70,60,60,110,1,dodrio,dodrio-shiny
86,86,Seel,,Water,,325,65,45,55,45,70,45,1,seel,seel-shiny
87,87,Dewgong,,Water,Ice,475,90,70,80,70,95,70,1,dewgong,dewgong-shiny
88,88,Grimer,,Poison,,325,80,80,50,40,50,25,1,grimer,grimer-shiny
89,89,Muk,,Poison,,500,105,105,75,65,100,50,1,muk,muk-shiny
90,90,Shellder,,Water,,305,30,65,100,45,25,40,1,shellder,shellder-shiny
91,91,Cloyster,,Water,Ice,525,50,95,180,85,45,70,1,cloyster,cloyster-shiny
92,92,Gastly,,Ghost,Poison,310,30,35,30,100,35,80,1,gastly,gastly-shiny
93,93,Haunter,,Ghost,Poison,405,45,50,45,115,55,95,1,haunter,haunter-shiny
94,94,Gengar,,Ghost,Poison,500,60,65,60,130,75,110,1,gengar,gengar-shiny
95,95,Onix,,Rock,Ground,385,35,45,160,30,45,70,1,onix,onix-shiny
96,96,Drowzee,,Psychic,,328,60,48,45,43,90,42,1,drowzee,drowzee-shiny
97,97,Hypno,,Psychic,,483,85,73,70,73,115,67,1,hypno,hypno-shiny
98,98,Krabby,,Water,,325,30,105,90,25,25,50,1,krabby,krabby-shiny
99,99,Kingler,,Water,,475,55,130,115,50,50,75,1,kingler,kingler-shiny
100,100,Voltorb,,Electric,,330,40,30,50,55,55,100,1,voltorb,voltorb-shiny
101,101,Electrode,,Electric,,490,60,50,70,80,80,150,1,electrode,electrode-shiny
102,102,Exeggcute,,Grass,Psychic,325,60,40,80,60,45,40,1,exeggcute,exeggcute-shiny
103,103,Exeggutor,,Grass,Psychic,530,95,95,85,125,75,55,1,exeggutor,exeggutor-shiny
104,104,Cubone,,Ground,,320,50,50,95,40,50,35,1,cubone,cubone-shiny
105,105,Marowak,,Ground,,425,60,80,110,50,80,45,1,marowak,marowak-shiny
106,106,Hitmonlee,,Fighting,,455,50,120,53,35,110,87,1,hitmonlee,hitmonlee-shiny
107,107,Hitmonchan,,Fighting,,455,50,105,79,35,110,76,1,hitmonchan,hitmonchan-shiny
108,108,Lickitung,,Normal,,385,90,55,75,60,75,30,1,lickitung,lickitung-shiny
109,109,Koffing,,Poison,,340,40,65,95,60,45,35,1,koffing,koffing-shiny
110,110,Weezing,,Poison,,490,65,90,120,85,70,60,1,weezing,weezing-shiny
111,111,Rhyhorn,,Ground,Rock,345,80,85,95,30,30,25,1,rhyhorn,rhyhorn-shiny
112,112,Rhydon,,Ground,Rock,485,105,130,120,45,45,40,1,rhydon,rhydon-shiny
113,113,Chansey,,Normal,,450,250,5,5,35,105,50,1,chansey,chansey-shiny
114,114,Tangela,,Grass,,435,65,55,115,100,40,60,1,tangela,tangela-shiny
115,115,Kangaskhan,,Normal,,490,105,95,80,40,80,90,1,kangaskhan,kangaskhan-shiny
116,116,Horsea,,Water,,295,30,40,70,70,25,60,1,horsea,horsea-shiny
117,117,Seadra,,Water,,440,55,65,95,95,45,85,1,seadra,seadra-shiny
118,118,Goldeen,,Water,,320,45,67,60,35,50,63,1,goldeen,goldeen-shiny
119,119,Seaking,,Water,,450,80,92,65,65,80,68,1,seaking,seaking-shiny
120,120,Staryu,,Water,,340,30,45,55,70,55,85,1,staryu,staryu-shiny
121,121,Starmie,,Water,Psychic,520,60,75,85,100,85,115,1,starmie,starmie-shiny
122,122,Mr. Mime,,Psychic,Fairy,460,40,45,65,100,120,90,1,mr. mime,mr. mime-shiny
123,123,Scyther,,Bug,Flying,500,70,110,80,55,80,105,1,scyther,scyther-shiny
124,124,Jynx,,Ice,Psychic,455,65,50,35,115,95,95,1,jynx,jynx-shiny
125,125,Electabuzz,,Electric,,490,65,83,57,95,85,105,1,electabuzz,electabuzz-shiny
126,126,Magmar,,Fire,,495,65,95,57,100,85,93,1,magmar,magmar-shiny
127,127,Pinsir,,Bug,,500,65,125,100,55,70,85,1,pinsir,pinsir-shiny
128,128,Tauros,,Normal,,490,75,100,95,40,70,110,1,tauros,tauros-shiny
129,129,Magikarp,,Water,,200,20,10,55,15,20,80,1,magikarp,magikarp-shiny
130,130,Gyarados,,Water,Flying,540,95,125,79,60,100,81,1,gyarados,gyarados-shiny
131,131,Lapras,,Water,Ice,535,130,85,80,85,95,60,1,lapras,lapras-shiny
132,132,Ditto,,Normal,,288,48,48,48,48,48,48,1,ditto,ditto-shiny
133,133,Eevee,,Normal,,325,55,55,50,45,65,55,1,eevee,eevee-shiny
134,134,Vaporeon,,Water,,525,130,65,60,110,95,65,1,vaporeon,vaporeon-shiny
135,135,Jolteon,,Electric,,525,65,65,60,110,95,130,1,jolteon,jolteon-shiny
136,136,Flareon,,Fire,,525,65,130,60,95,110,65,1,flareon,flareon-shiny
137,137,Porygon,,Normal,,395,65,60,70,85,75,40,1,porygon,porygon-shiny
138,138,Omanyte,,Rock,Water,355,35,40,100,90,55,35,1,omanyte,omanyte-shiny
139,139,Omastar,,Rock,Water,495,70,60,125,115,70,55,1,omastar,omastar-shiny
140,140,Kabuto,,Rock,Water,355,30,80,90,55,45,55,1,kabuto,kabuto-shiny
141,141,Kabutops,,Rock,Water,495,60,115,105,65,70,80,1,kabutops,kabutops-shiny
142,142,Aerodactyl,,Rock,Flying,515,80,105,65,60,75,130,1,aerodactyl,aerodactyl-shiny
143,143,Snorlax,,Normal,,540,160,110,65,65,110,30,1,snorlax,snorlax-shiny
144,144,Articuno,,Ice,Flying,580,90,85,100,95,125,85,1,articuno,articuno-shiny
145,145,Zapdos,,Electric,Flying,580,90,90,85,125,90,100,1,zapdos,zapdos-shiny
146,146,Moltres,,Fire,Flying,580,90,100,90,125,85,90,1,moltres,moltres-shiny
147,147,Dratini,,Dragon,,300,41,64,45,50,50,50,1,dratini,dratini-shiny
148,148,Dragonair,,Dragon,,420,61,84,65,70,70,70,1,dragonair,dragonair-shiny
149,149,Dragonite,,Dragon,Flying,600,91,134,95,100,100,80,1,dragonite,dragonite-shiny
150,150,Mewtwo,,Psychic,,680,106,110,90,154,90,130,1,mewtwo,mewtwo-shiny
151,151,Mew,,Psychic,,600,100,100,100,100,100,100,1,mew,mew-shiny
152,152,Chikorita,,Grass,,318,45,49,65,49,65,45,2,chikorita,chikorita-shiny
153,153,Bayleef,,Grass,,405,60,62,80,63,80,60,2,bayleef,bayleef-shiny
154,154,Meganium,,Grass,,525,80,82,100,83,100,80,2,meganium,meganium-shiny
155,155,Cyndaquil,,Fire,,309,39,52,43,60,50,65,2,cyndaquil,cyndaquil-shiny
156,156,Quilava,,Fire,,405,58,64,58,80,65,80,2,quilava,quilava-shiny
157,157,Typhlosion,,Fire,,534,78,84,78,109,85,100,2,typhlosion,typhlosion-shiny
158,158,Totodile,,Water,,314,50,65,64,44,48,43,2,totodile,totodile-shiny
159,159,Croconaw,,Water,,405,65,80,80,59,63,58,2,croconaw,croconaw-shiny
160,160,Feraligatr,,Water,,530,85,105,100,79,83,78,2,feraligatr,feraligatr-shiny
161,161,Sentret,,Normal,,215,35,46,34,35,45,20,2,sentret,sentret-shiny
162,162,Furret,,Normal,,415,85,76,64,45,55,90,2,furret,furret-shiny
163,163,Hoothoot,,Normal,Flying,262,60,30,30,36,56,50,2,hoothoot,hoothoot-shiny
164,164,Noctowl,,Normal,Flying,452,100,50,50,86,96,70,2,noctowl,noctowl-shiny
165,165,Ledyba,,Bug,Flying,265,40,20,30,40,80,55,2,ledyba,ledyba-shiny
166,166,Ledian,,Bug,Flying,390,55,35,50,55,110,85,2,ledian,ledian-shiny
167,167,Spinarak,,Bug,Poison,250,40,60,40,40,40,30,2,spinarak,spinarak-shiny
168,168,Ariados,,Bug,Poison,400,70,90,70,60,70,40,2,ariados,ariados-shiny
169,169,Crobat,,Poison,Flying,535,85,90,80,70,80,130,2,crobat,crobat-shiny
170,170,Chinchou,,Water,Electric,330,75,38,38,56,56,67,2,chinchou,chinchou-shiny
171,171,Lanturn,,Water,Electric,460,125,58,58,76,76,67,2,lanturn,lanturn-shiny
172,172,Pichu,,Electric,,205,20,40,15,35,35,60,2,pichu,pichu-shiny
173,173,Cleffa,,Fairy,,218,50,25,28,45,55,15,2,cleffa,cleffa-shiny
174,174,Igglybuff,,Normal,Fairy,210,90,30,15,40,20,15,2,igglybuff,igglybuff-shiny
175,175,Togepi,,Fairy,,245,35,20,65,40,65,20,2,togepi,togepi-shiny
176,176,Togetic,,Fairy,Flying,405,55,40,85,80,105,40,2,togetic,togetic-shiny
177,177,Natu,,Psychic,Flying,320,40,50,45,70,45,70,2,natu,natu-shiny
178,178,Xatu,,Psychic,Flying,470,65,75,70,95,70,95,2,xatu,xatu-shiny
179,179,Mareep,,Electric,,280,55,40,40,65,45,35,2,mareep,mareep-shiny
180,180,Flaaffy,,Electric,,365,70,55,55,80,60,45,2,flaaffy,flaaffy-shiny
181,181,Ampharos,,Electric,,510,90,75,85,115,90,55,2,ampharos,ampharos-shiny
182,182,Bellossom,,Grass,,490,75,80,95,90,100,50,2,bellossom,bellossom-shiny
183,183,Marill,,Water,Fairy,250,70,20,50,20,50,40,2,marill,marill-shiny
184,184,Azumarill,,Water,Fairy,420,100,50,80,60,80,50,2,azumarill,azumarill-shiny
185,185,Sudowoodo,,Rock,,410,70,100,115,30,65,30,2,sudowoodo,sudowoodo-shiny
186,186,Politoed,,Water,,500,90,75,75,90,100,70,2,politoed,politoed-shiny
187,187,Hoppip,,Grass,Flying,250,35,35,40,35,55,50,2,hoppip,hoppip-shiny
188,188,Skiploom,,Grass,Flying,340,55,45,50,45,65,80,2,skiploom,skiploom-shiny
189,189,Jumpluff,,Grass,Flying,460,75,55,70,55,95,110,2,jumpluff,jumpluff-shiny
190,190,Aipom,,Normal,,360,55,70,55,40,55,85,2,aipom,aipom-shiny
191,191,Sunkern,,Grass,,180,30,30,30,30,30,30,2,sunkern,sunkern-shiny
192,192,Sunflora,,Grass,,425,75,75,55,105,85,30,2,sunflora,sunflora-shiny
193,193,Yanma,,Bug,Flying,390,65,65,45,75,45,95,2,yanma,yanma-shiny
194,194,Wooper,,Water,Ground,210,55,45,45,25,25,15,2,wooper,wooper-shiny
195,195,Quagsire,,Water,Ground,430,95,85,85,65,65,35,2,quagsire,quagsire-shiny
196,196,Espeon,,Psychic,,525,65,65,60,130,95,110,2,espeon,espeon-shiny
197,197,Umbreon,,Dark,,525,95,65,110,60,130,65,2,umbreon,umbreon-shiny
198,198,Murkrow,,Dark,Flying,405,60,85,42,85,42,91,2,murkrow,murkrow-shiny
199,199,Slowking,,Water,Psychic,490,95,75,80,100,110,30,2,slowking,slowking-shiny
200,200,Misdreavus,,Ghost,,435,60,60,60,85,85,85,2,misdreavus,misdreavus-shiny
201,201,Unown,,Psychic,,336,48,72,48,72,48,48,2,unown,unown-shiny
202,202,Wobbuffet,,Psychic,,405,190,33,58,33,58,33,2,wobbuffet,wobbuffet-shiny
203,203,Girafarig,,Normal,Psychic,455,70,80,65,90,65,85,2,girafarig,girafarig-shiny
204,204,Pineco,,Bug,,290,50,65,90,35,35,15,2,pineco,pineco-shiny
205,205,Forretress,,Bug,Steel,465,75,90,140,60,60,40,2,forretress,forretress-shiny
206,206,Dunsparce,,Normal,,415,100,70,70,65,65,45,2,dunsparce,dunsparce-shiny
207,207,Gligar,,Ground,Flying,430,65,75,105,35,65,85,2,gligar,gligar-shiny
208,208,Steelix,,Steel,Ground,510,75,85,200,55,65,30,2,steelix,steelix-shiny
209,209,Snubbull,,Fairy,,300,60,80,50,40,40,30,2,snubbull,snubbull-shiny
210,210,Granbull,,Fairy,,450,90,120,75,60,60,45,2,granbull,granbull-shiny
211,211,Qwilfish,,Water,Poison,440,65,95,85,55,55,85,2,qwilfish,qwilfish-shiny
212,212,Scizor,,Bug,Steel,500,70,130,100,55,80,65,2,scizor,scizor-shiny
213,213,Shuckle,,Bug,Rock,505,20,10,230,10,230,5,2,shuckle,shuckle-shiny
214,214,Heracross,,Bug,Fighting,500,80,125,75,40,95,85,2,heracross,heracross-shiny
215,215,Sneasel,,Dark,Ice,430,55,95,55,35,75,115,2,sneasel,sneasel-shiny
216,216,Teddiursa,,Normal,,330,60,80,50,50,50,40,2,teddiursa,teddiursa-shiny
217,217,Ursaring,,Normal,,500,90,130,75,75,75,55,2,ursaring,ursaring-shiny
218,218,Slugma,,Fire,,250,40,40,40,70,40,20,2,slugma,slugma-shiny
219,219,Magcargo,,Fire,Rock,430,60,50,120,90,80,30,2,magcargo,magcargo-shiny
220,220,Swinub,,Ice,Ground,250,50,50,40,30,30,50,2,swinub,swinub-shiny
221,221,Piloswine,,Ice,Ground,450,100,100,80,60,60,50,2,piloswine,piloswine-shiny
222,222,Corsola,,Water,Rock,410,65,55,95,65,95,35,2,corsola,corsola-shiny
223,223,Remoraid,,Water,,300,35,65,35,65,35,65,2,remoraid,remoraid-shiny
224,224,Octillery,,Water,,480,75,105,75,105,75,45,2,octillery,octillery-shiny
225,225,Delibird,,Ice,Flying,330,45,55,45,65,45,75,2,delibird,delibird-shiny
226,226,Mantine,,Water,Flying,485,85,40,70,80,140,70,2,mantine,mantine-shiny
227,227,Skarmory,,Steel,Flying,465,65,80,140,40,70,70,2,skarmory,skarmory-shiny
228,228,Houndour,,Dark,Fire,330,45,60,30,80,50,65,2,houndour,houndour-shiny
229,229,Houndoom,,Dark,Fire,500,75,90,50,110,80,95,2,houndoom,houndoom-shiny
230,230,Kingdra,,Water,Dragon,540,75,95,95,95,95,85,2,kingdra,kingdra-shiny
231,231,Phanpy,,Ground,,330,90,60,60,40,40,40,2,phanpy,phanpy-shiny
232,232,Donphan,,Ground,,500,90,120,120,60,60,50,2,donphan,donphan-shiny
233,233,Porygon2,,Normal,,515,85,80,90,105,95,60,2,porygon2,porygon2-shiny
234,234,Stantler,,Normal,,465,73,95,62,85,65,85,2,stantler,stantler-shiny
235,235,Smeargle,,Normal,,250,55,20,35,20,45,75,2,smeargle,smeargle-shiny
236,236,Tyrogue,,Fighting,,210,35,35,35,35,35,35,2,tyrogue,tyrogue-shiny
237,237,Hitmontop,,Fighting,,455,50,95,95,35,110,70,2,hitmontop,hitmontop-shiny
238,238,Smoochum,,Ice,Psychic,305,45,30,15,85,65,65,2,smoochum,smoochum-shiny
239,239,Elekid,,Electric,,360,45,63,37,65,55,95,2,elekid,elekid-shiny
240,240,Magby,,Fire,,365,45,75,37,70,55,83,2,magby,magby-shiny
241,241,Miltank,,Normal,,490,95,80,105,40,70,100,2,miltank,miltank-shiny
242,242,Blissey,,Normal,,540,255,10,10,75,135,55,2,blissey,blissey-shiny
243,243,Raikou,,Electric,,580,90,85,75,115,100,115,2,raikou,raikou-shiny
244,244,Entei,,Fire,,580,115,115,85,90,75,100,2,entei,entei-shiny
245,245,Suicune,,Water,,580,100,75,115,90,115,85,2,suicune,suicune-shiny
246,246,Larvitar,,Rock,Ground,300,50,64,50,45,50,41,2,larvitar,larvitar-shiny
247,247,Pupitar,,Rock,Ground,410,70,84,70,65,70,51,2,pupitar,pupitar-shiny
248,248,Tyranitar,,Rock,Dark,600,100,134,110,95,100,61,2,tyranitar,tyranitar-shiny
249,249,Lugia,,Psychic,Flying,680,106,90,130,90,154,110,2,lugia,lugia-shiny
250,250,Ho-oh,,Fire,Flying,680,106,130,90,110,154,90,2,ho-oh,ho-oh-shiny
251,251,Celebi,,Psychic,Grass,600,100,100,100,100,100,100,2,celebi,celebi-shiny
252,252,Treecko,,Grass,,310,40,45,35,65,55,70,3,treecko,treecko-shiny
253,253,Grovyle,,Grass,,405,50,65,45,85,65,95,3,grovyle,grovyle-shiny
254,254,Sceptile,,Grass,,530,70,85,65,105,85,120,3,sceptile,sceptile-shiny
255,255,Torchic,,Fire,,310,45,60,40,70,50,45,3,torchic,torchic-shiny
256,256,Combusken,,Fire,Fighting,405,60,85,60,85,60,55,3,combusken,combusken-shiny
257,257,Blaziken,,Fire,Fighting,530,80,120,70,110,70,80,3,blaziken,blaziken-shiny
258,258,Mudkip,,Water,,310,50,70,50,50,50,40,3,mudkip,mudkip-shiny
259,259,Marshtomp,,Water,Ground,405,70,85,70,60,70,50,3,marshtomp,marshtomp-shiny
260,260,Swampert,,Water,Ground,535,100,110,90,85,90,60,3,swampert,swampert-shiny
261,261,Poochyena,,Dark,,220,35,55,35,30,30,35,3,poochyena,poochyena-shiny
262,262,Mightyena,,Dark,,420,70,90,70,60,60,70,3,mightyena,mightyena-shiny
263,263,Zigzagoon,,Normal,,240,38,30,41,30,41,60,3,zigzagoon,zigzagoon-shiny
264,264,Linoone,,Normal,,420,78,70,61,50,61,100,3,linoone,linoone-shiny
265,265,Wurmple,,Bug,,195,45,45,35,20,30,20,3,wurmple,wurmple-shiny
266,266,Silcoon,,Bug,,205,50,35,55,25,25,15,3,silcoon,silcoon-shiny
267,267,Beautifly,,Bug,Flying,395,60,70,50,100,50,65,3,beautifly,beautifly-shiny
268,268,Cascoon,,Bug,,205,50,35,55,25,25,15,3,cascoon,cascoon-shiny
269,269,Dustox,,Bug,Poison,385,60,50,70,50,90,65,3,dustox,dustox-shiny
270,270,Lotad,,Water,Grass,220,40,30,30,40,50,30,3,lotad,lotad-shiny
271,271,Lombre,,Water,Grass,340,60,50,50,60,70,50,3,lombre,lombre-shiny
272,272,Ludicolo,,Water,Grass,480,80,70,70,90,100,70,3,ludicolo,ludicolo-shiny
273,273,Seedot,,Grass,,220,40,40,50,30,30,30,3,seedot,seedot-shiny
274,274,Nuzleaf,,Grass,Dark,340,70,70,40,60,40,60,3,nuzleaf,nuzleaf-shiny
275,275,Shiftry,,Grass,Dark,480,90,100,60,90,60,80,3,shiftry,shiftry-shiny
276,276,Taillow,,Normal,Flying,270,40,55,30,30,30,85,3,taillow,taillow-shiny
277,277,Swellow,,Normal,Flying,455,60,85,60,75,50,125,3,swellow,swellow-shiny
278,278,Wingull,,Water,Flying,270,40,30,30,55,30,85,3,wingull,wingull-shiny
279,279,Pelipper,,Water,Flying,440,60,50,100,95,70,65,3,pelipper,pelipper-shiny
280,280,Ralts,,Psychic,Fairy,198,28,25,25,45,35,40,3,ralts,ralts-shiny
281,281,Kirlia,,Psychic,Fairy,278,38,35,35,65,55,50,3,kirlia,kirlia-shiny
282,282,Gardevoir,,Psychic,Fairy,518,68,65,65,125,115,80,3,gardevoir,gardevoir-shiny
283,283,Surskit,,Bug,Water,269,40,30,32,50,52,65,3,surskit,surskit-shiny
284,284,Masquerain,,Bug,Flying,454,70,60,62,100,82,80,3,masquerain,masquerain-shiny
285,285,Shroomish,,Grass,,295,60,40,60,40,60,35,3,shroomish,shroomish-shiny
286,286,Breloom,,Grass,Fighting,460,60,130,80,60,60,70,3,breloom,breloom-shiny
287,287,Slakoth,,Normal,,280,60,60,60,35,35,30,3,slakoth,slakoth-shiny
288,288,Vigoroth,,Normal,,440,80,80,80,55,55,90,3,vigoroth,vigoroth-shiny
289,289,Slaking,,Normal,,670,150,160,100,95,65,100,3,slaking,slaking-shiny
290,290,Nincada,,Bug,Ground,266,31,45,90,30,30,40,3,nincada,nincada-shiny
291,291,Ninjask,,Bug,Flying,456,61,90,45,50,50,160,3,ninjask,ninjask-shiny
292,292,Shedinja,,Bug,Ghost,236,1,90,45,30,30,40,3,shedinja,shedinja-shiny
293,293,Whismur,,Normal,,240,64,51,23,51,23,28,3,whismur,whismur-shiny
294,294,Loudred,,Normal,,360,84,71,43,71,43,48,3,loudred,loudred-shiny
295,295,Exploud,,Normal,,490,104,91,63,91,73,68,3,exploud,exploud-shiny
296,296,Makuhita,,Fighting,,237,72,60,30,20,30,25,3,makuhita,makuhita-shiny
297,297,Hariyama,,Fighting,,474,144,120,60,40,60,50,3,hariyama,hariyama-shiny
298,298,Azurill,,Normal,Fairy,190,50,20,40,20,40,20,3,azurill,azurill-shiny
299,299,Nosepass,,Rock,,375,30,45,135,45,90,30,3,nosepass,nosepass-shiny
300,300,Skitty,,Normal,,260,50,45,45,35,35,50,3,skitty,skitty-shiny
301,301,Delcatty,,Normal,,400,70,65,65,55,55,90,3,delcatty,delcatty-shiny
302,302,Sableye,,Dark,Ghost,380,50,75,75,65,65,50,3,sableye,sableye-shiny
303,303,Mawile,,Steel,Fairy,380,50,85,85,55,55,50,3,mawile,mawile-shiny
304,304,Aron,,Steel,Rock,330,50,70,100,40,40,30,3,aron,aron-shiny
305,305,Lairon,,Steel,Rock,430,60,90,140,50,50,40,3,lairon,lairon-shiny
306,306,Aggron,,Steel,Rock,530,70,110,180,60,60,50,3,aggron,aggron-shiny
307,307,Meditite,,Fighting,Psychic,280,30,40,55,40,55,60,3,meditite,meditite-shiny
308,308,Medicham,,Fighting,Psychic,410,60,60,75,60,75,80,3,medicham,medicham-shiny
309,309,Electrike,,Electric,,295,40,45,40,65,40,65,3,electrike,electrike-shiny
310,310,Manectric,,Electric,,475,70,75,60,105,60,105,3,manectric,manectric-shiny
311,311,Plusle,,Electric,,405,60,50,40,85,75,95,3,plusle,plusle-shiny
312,312,Minun,,Electric,,405,60,40,50,75,85,95,3,minun,minun-shiny
313,313,Volbeat,,Bug,,430,65,73,75,47,85,85,3,volbeat,volbeat-shiny
314,314,Illumise,,Bug,,430,65,47,75,73,85,85,3,illumise,illumise-shiny
315,315,Roselia,,Grass,Poison,400,50,60,45,100,80,65,3,roselia,roselia-shiny
316,316,Gulpin,,Poison,,302,70,43,53,43,53,40,3,gulpin,gulpin-shiny
317,317,Swalot,,Poison,,467,100,73,83,73,83,55,3,swalot,swalot-shiny
318,318,Carvanha,,Water,Dark,305,45,90,20,65,20,65,3,carvanha,carvanha-shiny
319,319,Sharpedo,,Water,Dark,460,70,120,40,95,40,95,3,sharpedo,sharpedo-shiny
320,320,Wailmer,,Water,,400,130,70,35,70,35,60,3,wailmer,wailmer-shiny
321,321,Wailord,,Water,,500,170,90,45,90,45,60,3,wailord,wailord-shiny
322,322,Numel,,Fire,Ground,305,60,60,40,65,45,35,3,numel,numel-shiny
323,323,Camerupt,,Fire,Ground,460,70,100,70,105,75,40,3,camerupt,camerupt-shiny
324,324,Torkoal,,Fire,,470,70,85,140,85,70,20,3,torkoal,torkoal-shiny
325,325,Spoink,,Psychic,,330,60,25,35,70,80,60,3,spoink,spoink-shiny
326,326,Grumpig,,Psychic,,470,80,45,65,90,110,80,3,grumpig,grumpig-shiny
327,327,Spinda,,Normal,,360,60,60,60,60,60,60,3,spinda,spinda-shiny
328,328,Trapinch,,Ground,,290,45,100,45,45,45,10,3,trapinch,trapinch-shiny
329,329,Vibrava,,Ground,Dragon,340,50,70,50,50,50,70,3,vibrava,vibrava-shiny
330,330,Flygon,,Ground,Dragon,520,80,100,80,80,80,100,3,flygon,flygon-shiny
331,331,Cacnea,,Grass,,335,50,85,40,85,40,35,3,cacnea,cacnea-shiny
332,332,Cacturne,,Grass,Dark,475,70,115,60,115,60,55,3,cacturne,cacturne-shiny
333,333,Swablu,,Normal,Flying,310,45,40,60,40,75,50,3,swablu,swablu-shiny
334,334,Altaria,,Dragon,Flying,490,75,70,90,70,105,80,3,altaria,altaria-shiny
335,335,Zangoose,,Normal,,458,73,115,60,60,60,90,3,zangoose,zangoose-shiny
336,336,Seviper,,Poison,,458,73,100,60,100,60,65,3,seviper,seviper-shiny
337,337,Lunatone,,Rock,Psychic,460,90,55,65,95,85,70,3,lunatone,lunatone-shiny
338,338,Solrock,,Rock,Psychic,460,90,95,85,55,65,70,3,solrock,solrock-shiny
339,339,Barboach,,Water,Ground,288,50,48,43,46,41,60,3,barboach,barboach-shiny
340,340,Whiscash,,Water,Ground,468,110,78,73,76,71,60,3,whiscash,whiscash-shiny
341,341,Corphish,,Water,,308,43,80,65,50,35,35,3,corphish,corphish-shiny
342,342,Crawdaunt,,Water,Dark,468,63,120,85,90,55,55,3,crawdaunt,crawdaunt-shiny
343,343,Baltoy,,Ground,Psychic,300,40,40,55,40,70,55,3,baltoy,baltoy-shiny
344,344,Claydol,,Ground,Psychic,500,60,70,105,70,120,75,3,claydol,claydol-shiny
345,345,Lileep,,Rock,Grass,355,66,41,77,61,87,23,3,lileep,lileep-shiny
346,346,Cradily,,Rock,Grass,495,86,81,97,81,107,43,3,cradily,cradily-shiny
347,347,Anorith,,Rock,Bug,355,45,95,50,40,50,75,3,anorith,anorith-shiny
348,348,Armaldo,,Rock,Bug,495,75,125,100,70,80,45,3,armaldo,armaldo-shiny
349,349,Feebas,,Water,,200,20,15,20,10,55,80,3,feebas,feebas-shiny
350,350,Milotic,,Water,,540,95,60,79,100,125,81,3,milotic,milotic-shiny
351,351,Castform,,Normal,,420,70,70,70,70,70,70,3,castform,castform-shiny
352,351,Castform,Sunny Form,Fire,,420,70,70,70,70,70,70,3,castform,castform-shiny
353,351,Castform,Rainy Form,Water,,420,70,70,70,70,70,70,3,castform,castform-shiny
354,351,Castform,Snowy Form,Ice,,420,70,70,70,70,70,70,3,castform,castform-shiny
355,352,Kecleon,,Normal,,440,60,90,70,60,120,40,3,kecleon,kecleon-shiny
356,353,Shuppet,,Ghost,,295,44,75,35,63,33,45,3,shuppet,shuppet-shiny
357,354,Banette,,Ghost,,455,64,115,65,83,63,65,3,banette,banette-shiny
358,355,Duskull,,Ghost,,295,20,40,90,30,90,25,3,duskull,duskull-shiny
359,356,Dusclops,,Ghost,,455,40,70,130,60,130,25,3,dusclops,dusclops-shiny
360,357,Tropius,,Grass,Flying,460,99,68,83,72,87,51,3,tropius,tropius-shiny
361,358,Chimecho,,Psychic,,455,75,50,80,95,90,65,3,chimecho,chimecho-shiny
362,359,Absol,,Dark,,465,65,130,60,75,60,75,3,absol,absol-shiny
363,360,Wynaut,,Psychic,,260,95,23,48,23,48,23,3,wynaut,wynaut-shiny
364,361,Snorunt,,Ice,,300,50,50,50,50,50,50,3,snorunt,snorunt-shiny
365,362,Glalie,,Ice,,480,80,80,80,80,80,80,3,glalie,glalie-shiny
366,363,Spheal,,Ice,Water,290,70,40,50,55,50,25,3,spheal,spheal-shiny
367,364,Sealeo,,Ice,Water,410,90,60,70,75,70,45,3,sealeo,sealeo-shiny
368,365,Walrein,,Ice,Water,530,110,80,90,95,90,65,3,walrein,walrein-shiny
369,366,Clamperl,,Water,,345,35,64,85,74,55,32,3,clamperl,clamperl-shiny
370,367,Huntail,,Water,,485,55,104,105,94,75,52,3,huntail,huntail-shiny
371,368,Gorebyss,,Water,,485,55,84,105,114,75,52,3,gorebyss,gorebyss-shiny
372,369,Relicanth,,Water,Rock,485,100,90,130,45,65,55,3,relicanth,relicanth-shiny
373,370,Luvdisc,,Water,,330,43,30,55,40,65,97,3,luvdisc,luvdisc-shiny
374,371,Bagon,,Dragon,,300,45,75,60,40,30,50,3,bagon,bagon-shiny
375,372,Shelgon,,Dragon,,420,65,95,100,60,50,50,3,shelgon,shelgon-shiny
376,373,Salamence,,Dragon,Flying,600,95,135,80,110,80,100,3,salamence,salamence-shiny
377,374,Beldum,,Steel,Psychic,300,40,55,80,35,60,30,3,beldum,beldum-shiny
378,375,Metang,,Steel,Psychic,420,60,75,100,55,80,50,3,metang,metang-shiny
379,376,Metagross,,Steel,Psychic,600,80,135,130,95,90,70,3,metagross,metagross-shiny
380,377,Regirock,,Rock,,580,80,100,200,50,100,50,3,regirock,regirock-shiny
381,378,Regice,,Ice,,580,80,50,100,100,200,50,3,regice,regice-shiny
382,379,Registeel,,Steel,,580,80,75,150,75,150,50,3,registeel,registeel-shiny
383,380,Latias,,Dragon,Psychic,600,80,80,90,110,130,110,3,latias,latias-shiny
384,381,Latios,,Dragon,Psychic,600,80,90,80,130,110,110,3,latios,latios-shiny
385,382,Kyogre,,Water,,670,100,100,90,150,140,90,3,kyogre,kyogre-shiny
386,383,Groudon,,Ground,,670,100,150,140,100,90,90,3,groudon,groudon-shiny
387,384,Rayquaza,,Dragon,Flying,680,105,150,90,150,90,95,3,rayquaza,rayquaza-shiny
388,385,Jirachi,,Steel,Psychic,600,100,100,100,100,100,100,3,jirachi,jirachi-shiny
389,386,Deoxys,Normal Forme,Psychic,,600,50,150,50,150,50,150,3,deoxys,deoxys-shiny
390,386,Deoxys,Attack Forme,Psychic,,600,50,180,20,180,20,150,3,deoxys,deoxys-shiny
391,386,Deoxys,Defense Forme,Psychic,,600,50,70,160,70,160,90,3,deoxys,deoxys-shiny
392,386,Deoxys,Speed Forme,Psychic,,600,50,95,90,95,90,180,3,deoxys,deoxys-shiny
393,387,Turtwig,,Grass,,318,55,68,64,45,55,31,4,turtwig,turtwig-shiny
394,388,Grotle,,Grass,,405,75,89,85,55,65,36,4,grotle,grotle-shiny
395,389,Torterra,,Grass,Ground,525,95,109,105,75,85,56,4,torterra,torterra-shiny
396,390,Chimchar,,Fire,,309,44,58,44,58,44,61,4,chimchar,chimchar-shiny
397,391,Monferno,,Fire,Fighting,405,64,78,52,78,52,81,4,monferno,monferno-shiny
398,392,Infernape,,Fire,Fighting,534,76,104,71,104,71,108,4,infernape,infernape-shiny
399,393,Piplup,,Water,,314,53,51,53,61,56,40,4,piplup,piplup-shiny
400,394,Prinplup,,Water,,405,64,66,68,81,76,50,4,prinplup,prinplup-shiny
401,395,Empoleon,,Water,Steel,530,84,86,88,111,101,60,4,empoleon,empoleon-shiny
402,396,Starly,,Normal,Flying,245,40,55,30,30,30,60,4,starly,starly-shiny
403,397,Staravia,,Normal,Flying,340,55,75,50,40,40,80,4,staravia,staravia-shiny
404,398,Staraptor,,Normal,Flying,485,85,120,70,50,60,100,4,staraptor,staraptor-shiny
405,399,Bidoof,,Normal,,250,59,45,40,35,40,31,4,bidoof,bidoof-shiny
406,400,Bibarel,,Normal,Water,410,79,85,60,55,60,71,4,bibarel,bibarel-shiny
407,401,Kricketot,,Bug,,194,37,25,41,25,41,25,4,kricketot,kricketot-shiny
408,402,Kricketune,,Bug,,384,77,85,51,55,51,65,4,kricketune,kricketune-shiny
409,403,Shinx,,Electric,,263,45,65,34,40,34,45,4,shinx,shinx-shiny
410,404,Luxio,,Electric,,363,60,85,49,60,49,60,4,luxio,luxio-shiny
411,405,Luxray,,Electric,,523,80,120,79,95,79,70,4,luxray,luxray-shiny
412,406,Budew,,Grass,Poison,280,40,30,35,50,70,55,4,budew,budew-shiny
413,407,Roserade,,Grass,Poison,515,60,70,65,125,105,90,4,roserade,roserade-shiny
414,408,Cranidos,,Rock,,350,67,125,40,30,30,58,4,cranidos,cranidos-shiny
415,409,Rampardos,,Rock,,495,97,165,60,65,50,58,4,rampardos,rampardos-shiny
416,410,Shieldon,,Rock,Steel,350,30,42,118,42,88,30,4,shieldon,shieldon-shiny
417,411,Bastiodon,,Rock,Steel,495,60,52,168,47,138,30,4,bastiodon,bastiodon-shiny
418,412,Burmy,Plant Cloak,Bug,,224,40,29,45,29,45,36,4,burmy,burmy-shiny
419,412,Burmy,Sandy Cloak,Bug,,224,40,29,45,29,45,36,4,burmy,burmy-shiny
420,412,Burmy,Trash Cloak,Bug,,224,40,29,45,29,45,36,4,burmy,burmy-shiny
421,413,Wormadam,Plant Cloak,Bug,Grass,424,60,59,85,79,105,36,4,wormadam,wormadam-shiny
422,413,Wormadam,Sandy Cloak,Bug,Ground,424,60,79,105,59,85,36,4,wormadam,wormadam-shiny
423,413,Wormadam,Trash Cloak,Bug,Steel,424,60,69,95,69,95,36,4,wormadam,wormadam-shiny
424,414,Mothim,,Bug,Flying,424,70,94,50,94,50,66,4,mothim,mothim-shiny
425,415,Combee,,Bug,Flying,244,30,30,42,30,42,70,4,combee,combee-shiny
426,416,Vespiquen,,Bug,Flying,474,70,80,102,80,102,40,4,vespiquen,vespiquen-shiny
427,417,Pachirisu,,Electric,,405,60,45,70,45,90,95,4,pachirisu,pachirisu-shiny
428,418,Buizel,,Water,,330,55,65,35,60,30,85,4,buizel,buizel-shiny
429,419,Floatzel,,Water,,495,85,105,55,85,50,115,4,floatzel,floatzel-shiny
430,420,Cherubi,,Grass,,275,45,35,45,62,53,35,4,cherubi,cherubi-shiny
431,421,Cherrim,,Grass,,450,70,60,70,87,78,85,4,cherrim,cherrim-shiny
432,422,Shellos,,Water,,325,76,48,48,57,62,34,4,shellos,shellos-shiny
433,423,Gastrodon,,Water,Ground,475,111,83,68,92,82,39,4,gastrodon,gastrodon-shiny
434,424,Ambipom,,Normal,,482,75,100,66,60,66,115,4,ambipom,ambipom-shiny
435,425,Drifloon,,Ghost,Flying,348,90,50,34,60,44,70,4,drifloon,drifloon-shiny
436,426,Drifblim,,Ghost,Flying,498,150,80,44,90,54,80,4,drifblim,drifblim-shiny
437,427,Buneary,,Normal,,350,55,66,44,44,56,85,4,buneary,buneary-shiny
438,428,Lopunny,,Normal,,480,65,76,84,54,96,105,4,lopunny,lopunny-shiny
439,429,Mismagius,,Ghost,,495,60,60,60,105,105,105,4,mismagius,mismagius-shiny
440,430,Honchkrow,,Dark,Flying,505,100,125,52,105,52,71,4,honchkrow,honchkrow-shiny
441,431,Glameow,,Normal,,310,49,55,42,42,37,85,4,glameow,glameow-shiny
442,432,Purugly,,Normal,,452,71,82,64,64,59,112,4,purugly,purugly-shiny
443,433,Chingling,,Psychic,,285,45,30,50,65,50,45,4,chingling,chingling-shiny
444,434,Stunky,,Poison,Dark,329,63,63,47,41,41,74,4,stunky,stunky-shiny
445,435,Skuntank,,Poison,Dark,479,103,93,67,71,61,84,4,skuntank,skuntank-shiny
446,436,Bronzor,,Steel,Psychic,300,57,24,86,24,86,23,4,bronzor,bronzor-shiny
447,437,Bronzong,,Steel,Psychic,500,67,89,116,79,116,33,4,bronzong,bronzong-shiny
448,438,Bonsly,,Rock,,290,50,80,95,10,45,10,4,bonsly,bonsly-shiny
449,439,Mime Jr.,,Psychic,Fairy,310,20,25,45,70,90,60,4,mime jr.,mime jr.-shiny
450,440,Happiny,,Normal,,220,100,5,5,15,65,30,4,happiny,happiny-shiny
451,441,Chatot,,Normal,Flying,411,76,65,45,92,42,91,4,chatot,chatot-shiny
452,442,Spiritomb,,Ghost,Dark,485,50,92,108,92,108,35,4,spiritomb,spiritomb-shiny
453,443,Gible,,Dragon,Ground,300,58,70,45,40,45,42,4,gible,gible-shiny
454,444,Gabite,,Dragon,Ground,410,68,90,65,50,55,82,4,gabite,gabite-shiny
455,445,Garchomp,,Dragon,Ground,600,108,130,95,80,85,102,4,garchomp,garchomp-shiny
456,446,Munchlax,,Normal,,390,135,85,40,40,85,5,4,munchlax,munchlax-shiny
457,447,Riolu,,Fighting,,285,40,70,40,35,40,60,4,riolu,riolu-shiny
458,448,Lucario,,Fighting,Steel,525,70,110,70,115,70,90,4,lucario,lucario-shiny
459,449,Hippopotas,,Ground,,330,68,72,78,38,42,32,4,hippopotas,hippopotas-shiny
460,450,Hippowdon,,Ground,,525,108,112,118,68,72,47,4,hippowdon,hippowdon-shiny
461,451,Skorupi,,Poison,Bug,330,40,50,90,30,55,65,4,skorupi,skorupi-shiny
462,452,Drapion,,Poison,Dark,500,70,90,110,60,75,95,4,drapion,drapion-shiny
463,453,Croagunk,,Poison,Fighting,300,48,61,40,61,40,50,4,croagunk,croagunk-shiny
464,454,Toxicroak,,Poison,Fighting,490,83,106,65,86,65,85,4,toxicroak,toxicroak-shiny
465,455,Carnivine,,Grass,,454,74,100,72,90,72,46,4,carnivine,carnivine-shiny
466,456,Finneon,,Water,,330,49,49,56,49,61,66,4,finneon,finneon-shiny
467,457,Lumineon,,Water,,460,69,69,76,69,86,91,4,lumineon,lumineon-shiny
468,458,Mantyke,,Water,Flying,345,45,20,50,60,120,50,4,mantyke,mantyke-shiny
469,459,Snover,,Grass,Ice,334,60,62,50,62,60,40,4,snover,snover-shiny
470,460,Abomasnow,,Grass,Ice,494,90,92,75,92,85,60,4,abomasnow,abomasnow-shiny
471,461,Weavile,,Dark,Ice,510,70,120,65,45,85,125,4,weavile,weavile-shiny
472,462,Magnezone,,Electric,Steel,535,70,70,115,130,90,60,4,magnezone,magnezone-shiny
473,463,Lickilicky,,Normal,,515,110,85,95,80,95,50,4,lickilicky,lickilicky-shiny
474,464,Rhyperior,,Ground,Rock,535,115,140,130,55,55,40,4,rhyperior,rhyperior-shiny
475,465,Tangrowth,,Grass,,535,100,100,125,110,50,50,4,tangrowth,tangrowth-shiny
476,466,Electivire,,Electric,,540,75,123,67,95,85,95,4,electivire,electivire-shiny
477,467,Magmortar,,Fire,,540,75,95,67,125,95,83,4,magmortar,magmortar-shiny
478,468,Togekiss,,Fairy,Flying,545,85,50,95,120,115,80,4,togekiss,togekiss-shiny
479,469,Yanmega,,Bug,Flying,515,86,76,86,116,56,95,4,yanmega,yanmega-shiny
480,470,Leafeon,,Grass,,525,65,110,130,60,65,95,4,leafeon,leafeon-shiny
481,471,Glaceon,,Ice,,525,65,60,110,130,95,65,4,glaceon,glaceon-shiny
482,472,Gliscor,,Ground,Flying,510,75,95,125,45,75,95,4,gliscor,gliscor-shiny
483,473,Mamoswine,,Ice,Ground,530,110,130,80,70,60,80,4,mamoswine,mamoswine-shiny
484,474,Porygon-Z,,Normal,,535,85,80,70,135,75,90,4,porygon-z,porygon-z-shiny
485,475,Gallade,,Psychic,Fighting,518,68,125,65,65,115,80,4,gallade,gallade-shiny
486,476,Probopass,,Rock,Steel,525,60,55,145,75,150,40,4,probopass,probopass-shiny
487,477,Dusknoir,,Ghost,,525,45,100,135,65,135,45,4,dusknoir,dusknoir-shiny
488,478,Froslass,,Ice,Ghost,480,70,80,70,80,70,110,4,froslass,froslass-shiny
489,479,Rotom,,Electric,Ghost,440,50,50,77,95,77,91,4,rotom,rotom-shiny
490,479,Rotom,Heat Rotom,Electric,Fire,520,50,65,107,105,107,86,4,rotom,rotom-shiny
491,479,Rotom,Wash Rotom,Electric,Water,520,50,65,107,105,107,86,4,rotom,rotom-shiny
492,479,Rotom,Frost Rotom,Electric,Ice,520,50,65,107,105,107,86,4,rotom,rotom-shiny
493,479,Rotom,Fan Rotom,Electric,Flying,520,50,65,107,105,107,86,4,rotom,rotom-shiny
494,479,Rotom,Mow Rotom,Electric,Grass,520,50,65,107,105,107,86,4,rotom,rotom-shiny
495,480,Uxie,,Psychic,,580,75,75,130,75,130,95,4,uxie,uxie-shiny
496,481,Mesprit,,Psychic,,580,80,105,105,105,105,80,4,mesprit,mesprit-shiny
497,482,Azelf,,Psychic,,580,75,125,70,125,70,115,4,azelf,azelf-shiny
498,483,Dialga,,Steel,Dragon,680,100,120,120,150,100,90,4,dialga,dialga-shiny
499,484,Palkia,,Water,Dragon,680,90,120,100,150,120,100,4,palkia,palkia-shiny
500,485,Heatran,,Fire,Steel,600,91,90,106,130,106,77,4,heatran,heatran-shiny
501,486,Regigigas,,Normal,,670,110,160,110,80,110,100,4,regigigas,regigigas-shiny
502,487,Giratina,Altered Forme,Ghost,Dragon,680,150,100,120,100,120,90,4,giratina-altered,giratina-shiny
503,487,Giratina,Origin Forme,Ghost,Dragon,680,150,120,100,120,100,90,4,giratina,giratina-shiny
504,488,Cresselia,,Psychic,,580,120,70,110,75,120,85,4,cresselia,cresselia-shiny
505,489,Phione,,Water,,480,80,80,80,80,80,80,4,phione,phione-shiny
506,490,Manaphy,,Water,,600,100,100,100,100,100,100,4,manaphy,manaphy-shiny
507,491,Darkrai,,Dark,,600,70,90,90,135,90,125,4,darkrai,darkrai-shiny
508,492,Shaymin,Land Forme,Grass,,600,100,100,100,100,100,100,4,shaymin,shaymin-shiny
509,492,Shaymin,Sky Forme,Grass,Flying,600,100,103,75,120,75,127,4,shaymin,shaymin-shiny
510,493,Arceus,,Normal,,720,120,120,120,120,120,120,4,arceus,arceus-shiny
511,494,Victini,,Psychic,Fire,600,100,100,100,100,100,100,5,victini,victini-shiny
512,495,Snivy,,Grass,,308,45,45,55,45,55,63,5,snivy,snivy-shiny
513,496,Servine,,Grass,,413,60,60,75,60,75,83,5,servine,servine-shiny
514,497,Serperior,,Grass,,528,75,75,95,75,95,113,5,serperior,serperior-shiny
515,498,Tepig,,Fire,,308,65,63,45,45,45,45,5,tepig,tepig-shiny
516,499,Pignite,,Fire,Fighting,418,90,93,55,70,55,55,5,pignite,pignite-shiny
517,500,Emboar,,Fire,Fighting,528,110,123,65,100,65,65,5,emboar,emboar-shiny
518,501,Oshawott,,Water,,308,55,55,45,63,45,45,5,oshawott,oshawott-shiny
519,502,Dewott,,Water,,413,75,75,60,83,60,60,5,dewott,dewott-shiny
520,503,Samurott,,Water,,528,95,100,85,108,70,70,5,samurott,samurott-shiny
521,504,Patrat,,Normal,,255,45,55,39,35,39,42,5,patrat,patrat-shiny
522,505,Watchog,,Normal,,420,60,85,69,60,69,77,5,watchog,watchog-shiny
523,506,Lillipup,,Normal,,275,45,60,45,25,45,55,5,lillipup,lillipup-shiny
524,507,Herdier,,Normal,,370,65,80,65,35,65,60,5,herdier,herdier-shiny
525,508,Stoutland,,Normal,,500,85,110,90,45,90,80,5,stoutland,stoutland-shiny
526,509,Purrloin,,Dark,,281,41,50,37,50,37,66,5,purrloin,purrloin-shiny
527,510,Liepard,,Dark,,446,64,88,50,88,50,106,5,liepard,liepard-shiny
528,511,Pansage,,Grass,,316,50,53,48,53,48,64,5,pansage,pansage-shiny
529,512,Simisage,,Grass,,498,75,98,63,98,63,101,5,simisage,simisage-shiny
530,513,Pansear,,Fire,,316,50,53,48,53,48,64,5,pansear,pansear-shiny
531,514,Simisear,,Fire,,498,75,98,63,98,63,101,5,simisear,simisear-shiny
532,515,Panpour,,Water,,316,50,53,48,53,48,64,5,panpour,panpour-shiny
533,516,Simipour,,Water,,498,75,98,63,98,63,101,5,simipour,simipour-shiny
534,517,Munna,,Psychic,,292,76,25,45,67,55,24,5,munna,munna-shiny
535,518,Musharna,,Psychic,,487,116,55,85,107,95,29,5,musharna,musharna-shiny
536,519,Pidove,,Normal,Flying,264,50,55,50,36,30,43,5,pidove,pidove-shiny
537,520,Tranquill,,Normal,Flying,358,62,77,62,50,42,65,5,tranquill,tranquill-shiny
538,521,Unfezant,,Normal,Flying,488,80,115,80,65,55,93,5,unfezant,unfezant-shiny
539,522,Blitzle,,Electric,,295,45,60,32,50,32,76,5,blitzle,blitzle-shiny
540,523,Zebstrika,,Electric,,497,75,100,63,80,63,116,5,zebstrika,zebstrika-shiny
541,524,Roggenrola,,Rock,,280,55,75,85,25,25,15,5,roggenrola,roggenrola-shiny
542,525,Boldore,,Rock,,390,70,105,105,50,40,20,5,boldore,boldore-shiny
543,526,Gigalith,,Rock,,515,85,135,130,60,80,25,5,gigalith,gigalith-shiny
544,527,Woobat,,Psychic,Flying,323,65,45,43,55,43,72,5,woobat,woobat-shiny
545,528,Swoobat,,Psychic,Flying,425,67,57,55,77,55,114,5,swoobat,swoobat-shiny
546,529,Drilbur,,Ground,,328,60,85,40,30,45,68,5,drilbur,drilbur-shiny
547,530,Excadrill,,Ground,Steel,508,110,135,60,50,65,88,5,excadrill,excadrill-shiny
548,531,Audino,,Normal,,445,103,60,86,60,86,50,5,audino,audino-shiny
549,532,Timburr,,Fighting,,305,75,80,55,25,35,35,5,timburr,timburr-shiny
550,533,Gurdurr,,Fighting,,405,85,105,85,40,50,40,5,gurdurr,gurdurr-shiny
551,534,Conkeldurr,,Fighting,,505,105,140,95,55,65,45,5,conkeldurr,conkeldurr-shiny
552,535,Tympole,,Water,,294,50,50,40,50,40,64,5,tympole,tympole-shiny
553,536,Palpitoad,,Water,Ground,384,75,65,55,65,55,69,5,palpitoad,palpitoad-shiny
554,537,Seismitoad,,Water,Ground,509,105,95,75,85,75,74,5,seismitoad,seismitoad-shiny
555,538,Throh,,Fighting,,465,120,100,85,30,85,45,5,throh,throh-shiny
556,539,Sawk,,Fighting,,465,75,125,75,30,75,85,5,sawk,sawk-shiny
557,540,Sewaddle,,Bug,Grass,310,45,53,70,40,60,42,5,sewaddle,sewaddle-shiny
558,541,Swadloon,,Bug,Grass,380,55,63,90,50,80,42,5,swadloon,swadloon-shiny
559,542,Leavanny,,Bug,Grass,500,75,103,80,70,80,92,5,leavanny,leavanny-shiny
560,543,Venipede,,Bug,Poison,260,30,45,59,30,39,57,5,venipede,venipede-shiny
561,544,Whirlipede,,Bug,Poison,360,40,55,99,40,79,47,5,whirlipede,whirlipede-shiny
562,545,Scolipede,,Bug,Poison,485,60,100,89,55,69,112,5,scolipede,scolipede-shiny
563,546,Cottonee,,Grass,Fairy,280,40,27,60,37,50,66,5,cottonee,cottonee-shiny
564,547,Whimsicott,,Grass,Fairy,480,60,67,85,77,75,116,5,whimsicott,whimsicott-shiny
565,548,Petilil,,Grass,,280,45,35,50,70,50,30,5,petilil,petilil-shiny
566,549,Lilligant,,Grass,,480,70,60,75,110,75,90,5,lilligant,lilligant-shiny
567,550,Basculin,Red-Striped Form,Water,,460,70,92,65,80,55,98,5,basculin,basculin-shiny
568,550,Basculin,Blue-Striped Form,Water,,460,70,92,65,80,55,98,5,basculin,basculin-shiny
569,551,Sandile,,Ground,Dark,292,50,72,35,35,35,65,5,sandile,sandile-shiny
570,552,Krokorok,,Ground,Dark,351,60,82,45,45,45,74,5,krokorok,krokorok-shiny
571,553,Krookodile,,Ground,Dark,519,95,117,80,65,70,92,5,krookodile,krookodile-shiny
572,554,Darumaka,,Fire,,315,70,90,45,15,45,50,5,darumaka,darumaka-shiny
573,555,Darmanitan,Standard Mode,Fire,,480,105,140,55,30,55,95,5,darmanitan,darmanitan-shiny
574,555,Darmanitan,Zen Mode,Fire,Psychic,540,105,30,105,140,105,55,5,darmanitan,darmanitan-shiny
575,556,Maractus,,Grass,,461,75,86,67,106,67,60,5,maractus,maractus-shiny
576,557,Dwebble,,Bug,Rock,325,50,65,85,35,35,55,5,dwebble,dwebble-shiny
577,558,Crustle,,Bug,Rock,485,70,105,125,65,75,45,5,crustle,crustle-shiny
578,559,Scraggy,,Dark,Fighting,348,50,75,70,35,70,48,5,scraggy,scraggy-shiny
579,560,Scrafty,,Dark,Fighting,488,65,90,115,45,115,58,5,scrafty,scrafty-shiny
580,561,Sigilyph,,Psychic,Flying,490,72,58,80,103,80,97,5,sigilyph,sigilyph-shiny
581,562,Yamask,,Ghost,,303,38,30,85,55,65,30,5,yamask,yamask-shiny
582,563,Cofagrigus,,Ghost,,483,58,50,145,95,105,30,5,cofagrigus,cofagrigus-shiny
583,564,Tirtouga,,Water,Rock,355,54,78,103,53,45,22,5,tirtouga,tirtouga-shiny
584,565,Carracosta,,Water,Rock,495,74,108,133,83,65,32,5,carracosta,carracosta-shiny
585,566,Archen,,Rock,Flying,401,55,112,45,74,45,70,5,archen,archen-shiny
586,567,Archeops,,Rock,Flying,567,75,140,65,112,65,110,5,archeops,archeops-shiny
587,568,Trubbish,,Poison,,329,50,50,62,40,62,65,5,trubbish,trubbish-shiny
588,569,Garbodor,,Poison,,474,80,95,82,60,82,75,5,garbodor,garbodor-shiny
589,570,Zorua,,Dark,,330,40,65,40,80,40,65,5,zorua,zorua-shiny
590,571,Zoroark,,Dark,,510,60,105,60,120,60,105,5,zoroark,zoroark-shiny
591,572,Minccino,,Normal,,300,55,50,40,40,40,75,5,minccino,minccino-shiny
592,573,Cinccino,,Normal,,470,75,95,60,65,60,115,5,cinccino,cinccino-shiny
593,574,Gothita,,Psychic,,290,45,30,50,55,65,45,5,gothita,gothita-shiny
594,575,Gothorita,,Psychic,,390,60,45,70,75,85,55,5,gothorita,gothorita-shiny
595,576,Gothitelle,,Psychic,,490,70,55,95,95,110,65,5,gothitelle,gothitelle-shiny
596,577,Solosis,,Psychic,,290,45,30,40,105,50,20,5,solosis,solosis-shiny
597,578,Duosion,,Psychic,,370,65,40,50,125,60,30,5,duosion,duosion-shiny
598,579,Reuniclus,,Psychic,,490,110,65,75,125,85,30,5,reuniclus,reuniclus-shiny
599,580,Ducklett,,Water,Flying,305,62,44,50,44,50,55,5,ducklett,ducklett-shiny
600,581,Swanna,,Water,Flying,473,75,87,63,87,63,98,5,swanna,swanna-shiny
601,582,Vanillite,,Ice,,305,36,50,50,65,60,44,5,vanillite,vanillite-shiny
602,583,Vanillish,,Ice,,395,51,65,65,80,75,59,5,vanillish,vanillish-shiny
603,584,Vanilluxe,,Ice,,535,71,95,85,110,95,79,5,vanilluxe,vanilluxe-shiny
604,585,Deerling,,Normal,Grass,335,60,60,50,40,50,75,5,deerling,deerling-shiny
605,586,Sawsbuck,,Normal,Grass,475,80,100,70,60,70,95,5,sawsbuck,sawsbuck-shiny
606,587,Emolga,,Electric,Flying,428,55,75,60,75,60,103,5,emolga,emolga-shiny
607,588,Karrablast,,Bug,,315,50,75,45,40,45,60,5,karrablast,karrablast-shiny
608,589,Escavalier,,Bug,Steel,495,70,135,105,60,105,20,5,escavalier,escavalier-shiny
609,590,Foongus,,Grass,Poison,294,69,55,45,55,55,15,5,foongus,foongus-shiny
610,591,Amoonguss,,Grass,Poison,464,114,85,70,85,80,30,5,amoonguss,amoonguss-shiny
611,592,Frillish,,Water,Ghost,335,55,40,50,65,85,40,5,frillish,frillish-shiny
612,593,Jellicent,,Water,Ghost,480,100,60,70,85,105,60,5,jellicent,jellicent-shiny
613,594,Alomomola,,Water,,470,165,75,80,40,45,65,5,alomomola,alomomola-shiny
614,595,Joltik,,Bug,Electric,319,50,47,50,57,50,65,5,joltik,joltik-shiny
615,596,Galvantula,,Bug,Electric,472,70,77,60,97,60,108,5,galvantula,galvantula-shiny
616,597,Ferroseed,,Grass,Steel,305,44,50,91,24,86,10,5,ferroseed,ferroseed-shiny
617,598,Ferrothorn,,Grass,Steel,489,74,94,131,54,116,20,5,ferrothorn,ferrothorn-shiny
618,599,Klink,,Steel,,300,40,55,70,45,60,30,5,klink,klink-shiny
619,600,Klang,,Steel,,440,60,80,95,70,85,50,5,klang,klang-shiny
620,601,Klinklang,,Steel,,520,60,100,115,70,85,90,5,klinklang,klinklang-shiny
621,602,Tynamo,,Electric,,275,35,55,40,45,40,60,5,tynamo,tynamo-shiny
622,603,Eelektrik,,Electric,,405,65,85,70,75,70,40,5,eelektrik,eelektrik-shiny
623,604,Eelektross,,Electric,,515,85,115,80,105,80,50,5,eelektross,eelektross-shiny
624,605,Elgyem,,Psychic,,335,55,55,55,85,55,30,5,elgyem,elgyem-shiny
625,606,Beheeyem,,Psychic,,485,75,75,75,125,95,40,5,beheeyem,beheeyem-shiny
626,607,Litwick,,Ghost,Fire,275,50,30,55,65,55,20,5,litwick,litwick-shiny
627,608,Lampent,,Ghost,Fire,370,60,40,60,95,60,55,5,lampent,lampent-shiny
628,609,Chandelure,,Ghost,Fire,520,60,55,90,145,90,80,5,chandelure,chandelure-shiny
629,610,Axew,,Dragon,,320,46,87,60,30,40,57,5,axew,axew-shiny
630,611,Fraxure,,Dragon,,410,66,117,70,40,50,67,5,fraxure,fraxure-shiny
631,612,Haxorus,,Dragon,,540,76,147,90,60,70,97,5,haxorus,haxorus-shiny
632,613,Cubchoo,,Ice,,305,55,70,40,60,40,40,5,cubchoo,cubchoo-shiny
633,614,Beartic,,Ice,,505,95,130,80,70,80,50,5,beartic,beartic-shiny
634,615,Cryogonal,,Ice,,515,80,50,50,95,135,105,5,cryogonal,cryogonal-shiny
635,616,Shelmet,,Bug,,305,50,40,85,40,65,25,5,shelmet,shelmet-shiny
636,617,Accelgor,,Bug,,495,80,70,40,100,60,145,5,accelgor,accelgor-shiny
637,618,Stunfisk,,Ground,Electric,471,109,66,84,81,99,32,5,stunfisk,stunfisk-shiny
638,619,Mienfoo,,Fighting,,350,45,85,50,55,50,65,5,mienfoo,mienfoo-shiny
639,620,Mienshao,,Fighting,,510,65,125,60,95,60,105,5,mienshao,mienshao-shiny
640,621,Druddigon,,Dragon,,485,77,120,90,60,90,48,5,druddigon,druddigon-shiny
641,622,Golett,,Ground,Ghost,303,59,74,50,35,50,35,5,golett,golett-shiny
642,623,Golurk,,Ground,Ghost,483,89,124,80,55,80,55,5,golurk,golurk-shiny
643,624,Pawniard,,Dark,Steel,340,45,85,70,40,40,60,5,pawniard,pawniard-shiny
644,625,Bisharp,,Dark,Steel,490,65,125,100,60,70,70,5,bisharp,bisharp-shiny
645,626,Bouffalant,,Normal,,490,95,110,95,40,95,55,5,bouffalant,bouffalant-shiny
646,627,Rufflet,,Normal,Flying,350,70,83,50,37,50,60,5,rufflet,rufflet-shiny
647,628,Braviary,,Normal,Flying,510,100,123,75,57,75,80,5,braviary,braviary-shiny
648,629,Vullaby,,Dark,Flying,370,70,55,75,45,65,60,5,vullaby,vullaby-shiny
649,630,Mandibuzz,,Dark,Flying,510,110,65,105,55,95,80,5,mandibuzz,mandibuzz-shiny
650,631,Heatmor,,Fire,,484,85,97,66,105,66,65,5,heatmor,heatmor-shiny
651,632,Durant,,Bug,Steel,484,58,109,112,48,48,109,5,durant,durant-shiny
652,633,Deino,,Dark,Dragon,300,52,65,50,45,50,38,5,deino,deino-shiny
653,634,Zweilous,,Dark,Dragon,420,72,85,70,65,70,58,5,zweilous,zweilous-shiny
654,635,Hydreigon,,Dark,Dragon,600,92,105,90,125,90,98,5,hydreigon,hydreigon-shiny
655,636,Larvesta,,Bug,Fire,360,55,85,55,50,55,60,5,larvesta,larvesta-shiny
656,637,Volcarona,,Bug,Fire,550,85,60,65,135,105,100,5,volcarona,volcarona-shiny
657,638,Cobalion,,Steel,Fighting,580,91,90,129,90,72,108,5,cobalion,cobalion-shiny
658,639,Terrakion,,Rock,Fighting,580,91,129,90,72,90,108,5,terrakion,terrakion-shiny
659,640,Virizion,,Grass,Fighting,580,91,90,72,90,129,108,5,virizion,virizion-shiny
660,641,Tornadus,Incarnate Forme,Flying,,580,79,115,70,125,80,111,5,tornadus,tornadus-shiny
661,641,Tornadus,Therian Forme,Flying,,580,79,100,80,110,90,121,5,tornadus,tornadus-shiny
662,642,Thundurus,Incarnate Forme,Electric,Flying,580,79,115,70,125,80,111,5,thundurus,thundurus-shiny
663,642,Thundurus,Therian Forme,Electric,Flying,580,79,105,70,145,80,101,5,thundurus,thundurus-shiny
664,643,Reshiram,,Dragon,Fire,680,100,120,100,150,120,90,5,reshiram,reshiram-shiny
665,644,Zekrom,,Dragon,Electric,680,100,150,120,120,100,90,5,zekrom,zekrom-shiny
666,645,Landorus,Incarnate Forme,Ground,Flying,600,89,125,90,115,80,101,5,landorus,landorus-shiny
667,645,Landorus,Therian Forme,Ground,Flying,600,89,145,90,105,80,91,5,landorus,landorus-shiny
668,646,Kyurem,,Dragon,Ice,660,125,130,90,130,90,95,5,kyurem,kyurem-shiny
669,646,Kyurem,White Kyurem,Dragon,Ice,700,125,120,90,170,100,95,5,kyurem,kyurem-shiny
670,646,Kyurem,Black Kyurem,Dragon,Ice,700,125,170,100,120,90,95,5,kyurem,kyurem-shiny
671,647,Keldeo,Ordinary Form,Water,Fighting,580,91,72,90,129,90,108,5,keldeo,keldeo-shiny
672,647,Keldeo,Resolute Form,Water,Fighting,580,91,72,90,129,90,108,5,keldeo,keldeo-shiny
673,648,Meloetta,Aria Forme,Normal,Psychic,600,100,77,77,128,128,90,5,meloetta,meloetta-shiny
674,648,Meloetta,Pirouette Forme,Normal,Fighting,600,100,128,90,77,77,128,5,meloetta,meloetta-shiny
675,649,Genesect,,Bug,Steel,600,71,120,95,120,95,99,5,genesect,genesect-shiny
676,3,Venusaur,Mega Venusaur,Grass,Poison,625,80,100,123,122,120,80,6,venusaur,venusaur-shiny
677,6,Charizard,Mega Charizard X,Fire,Dragon,634,78,130,111,130,85,100,6,charizard,charizard-shiny
678,6,Charizard,Mega Charizard Y,Fire,Flying,634,78,104,78,159,115,100,6,charizard,charizard-shiny
679,9,Blastoise,Mega Blastoise,Water,,630,79,103,120,135,115,78,6,blastoise,blastoise-shiny
680,15,Beedrill,Mega Beedrill,Bug,Poison,495,65,150,40,15,80,145,6,beedrill,beedrill-shiny
681,18,Pidgeot,Mega Pidgeot,Normal,Flying,579,83,80,80,135,80,121,6,pidgeot,pidgeot-shiny
682,65,Alakazam,Mega Alakazam,Psychic,,600,55,50,65,175,105,150,6,alakazam,alakazam-shiny
683,80,Slowbro,Mega Slowbro,Water,Psychic,590,95,75,180,130,80,30,6,slowbro,slowbro-shiny
684,94,Gengar,Mega Gengar,Ghost,Poison,600,60,65,80,170,95,130,6,gengar,gengar-shiny
685,115,Kangaskhan,Mega Kangaskhan,Normal,,590,105,125,100,60,100,100,6,kangaskhan,kangaskhan-shiny
686,127,Pinsir,Mega Pinsir,Bug,Flying,600,65,155,120,65,90,105,6,pinsir,pinsir-shiny
687,130,Gyarados,Mega Gyarados,Water,Dark,640,95,155,109,70,130,81,6,gyarados,gyarados-shiny
688,142,Aerodactyl,Mega Aerodactyl,Rock,Flying,615,80,135,85,70,95,150,6,aerodactyl,aerodactyl-shiny
689,150,Mewtwo,Mega Mewtwo X,Psychic,Fighting,780,106,190,100,154,100,130,6,mewtwo,mewtwo-shiny
690,150,Mewtwo,Mega Mewtwo Y,Psychic,,780,106,150,70,194,120,140,6,mewtwo,mewtwo-shiny
691,181,Ampharos,Mega Ampharos,Electric,Dragon,610,90,95,105,165,110,45,6,ampharos,ampharos-shiny
692,208,Steelix,Mega Steelix,Steel,Ground,610,75,125,230,55,95,30,6,steelix,steelix-shiny
693,212,Scizor,Mega Scizor,Bug,Steel,600,70,150,140,65,100,75,6,scizor,scizor-shiny
694,214,Heracross,Mega Heracross,Bug,Fighting,600,80,185,115,40,105,75,6,heracross,heracross-shiny
695,229,Houndoom,Mega Houndoom,Dark,Fire,600,75,90,90,140,90,115,6,houndoom,houndoom-shiny
696,248,Tyranitar,Mega Tyranitar,Rock,Dark,700,100,164,150,95,120,71,6,tyranitar,tyranitar-shiny
697,254,Sceptile,Mega Sceptile,Grass,Dragon,630,70,110,75,145,85,145,6,sceptile,sceptile-shiny
698,257,Blaziken,Mega Blaziken,Fire,Fighting,630,80,160,80,130,80,100,6,blaziken,blaziken-shiny
699,260,Swampert,Mega Swampert,Water,Ground,635,100,150,110,95,110,70,6,swampert,swampert-shiny
700,282,Gardevoir,Mega Gardevoir,Psychic,Fairy,618,68,85,65,165,135,100,6,gardevoir,gardevoir-shiny
701,302,Sableye,Mega Sableye,Dark,Ghost,480,50,85,125,85,115,20,6,sableye,sableye-shiny
702,303,Mawile,Mega Mawile,Steel,Fairy,480,50,105,125,55,95,50,6,mawile,mawile-shiny
703,306,Aggron,Mega Aggron,Steel,,630,70,140,230,60,80,50,6,aggron,aggron-shiny
704,308,Medicham,Mega Medicham,Fighting,Psychic,510,60,100,85,80,85,100,6,medicham,medicham-shiny
705,310,Manectric,Mega Manectric,Electric,,575,70,75,80,135,80,135,6,manectric,manectric-shiny
706,319,Sharpedo,Mega Sharpedo,Water,Dark,560,70,140,70,110,65,105,6,sharpedo,sharpedo-shiny
707,323,Camerupt,Mega Camerupt,Fire,Ground,560,70,120,100,145,105,20,6,camerupt,camerupt-shiny
708,334,Altaria,Mega Altaria,Dragon,Fairy,590,75,110,110,110,105,80,6,altaria,altaria-shiny
709,354,Banette,Mega Banette,Ghost,,555,64,165,75,93,83,75,6,banette,banette-shiny
710,359,Absol,Mega Absol,Dark,,565,65,150,60,115,60,115,6,absol,absol-shiny
711,362,Glalie,Mega Glalie,Ice,,580,80,120,80,120,80,100,6,glalie,glalie-shiny
712,373,Salamence,Mega Salamence,Dragon,Flying,700,95,145,130,120,90,120,6,salamence,salamence-shiny
713,376,Metagross,Mega Metagross,Steel,Psychic,700,80,145,150,105,110,110,6,metagross,metagross-shiny
714,380,Latias,Mega Latias,Dragon,Psychic,700,80,100,120,140,150,110,6,latias,latias-shiny
715,381,Latios,Mega Latios,Dragon,Psychic,700,80,130,100,160,120,110,6,latios,latios-shiny
716,382,Kyogre,Primal Kyogre,Water,,770,100,150,90,180,160,90,6,kyogre,kyogre-shiny
717,383,Groudon,Primal Groudon,Ground,Fire,770,100,180,160,150,90,90,6,groudon,groudon-shiny
718,384,Rayquaza,Mega Rayquaza,Dragon,Flying,780,105,180,100,180,100,115,6,rayquaza,rayquaza-shiny
719,428,Lopunny,Mega Lopunny,Normal,Fighting,580,65,136,94,54,96,135,6,lopunny,lopunny-shiny
720,445,Garchomp,Mega Garchomp,Dragon,Ground,700,108,170,115,120,95,92,6,garchomp,garchomp-shiny
721,448,Lucario,Mega Lucario,Fighting,Steel,625,70,145,88,140,70,112,6,lucario,lucario-shiny
722,460,Abomasnow,Mega Abomasnow,Grass,Ice,594,90,132,105,132,105,30,6,abomasnow,abomasnow-shiny
723,475,Gallade,Mega Gallade,Psychic,Fighting,618,68,165,95,65,115,110,6,gallade,gallade-shiny
724,531,Audino,Mega Audino,Normal,Fairy,545,103,60,126,80,126,50,6,audino,audino-shiny
725,650,Chespin,,Grass,,313,56,61,65,48,45,38,6,chespin,chespin-shiny
726,651,Quilladin,,Grass,,405,61,78,95,56,58,57,6,quilladin,quilladin-shiny
727,652,Chesnaught,,Grass,Fighting,530,88,107,122,74,75,64,6,chesnaught,chesnaught-shiny
728,653,Fennekin,,Fire,,307,40,45,40,62,60,60,6,fennekin,fennekin-shiny
729,654,Braixen,,Fire,,409,59,59,58,90,70,73,6,braixen,braixen-shiny
730,655,Delphox,,Fire,Psychic,534,75,69,72,114,100,104,6,delphox,delphox-shiny
731,656,Froakie,,Water,,314,41,56,40,62,44,71,6,froakie,froakie-shiny
732,657,Frogadier,,Water,,405,54,63,52,83,56,97,6,frogadier,frogadier-shiny
733,658,Greninja,,Water,Dark,530,72,95,67,103,71,122,6,greninja,greninja-shiny
734,659,Bunnelby,,Normal,,237,38,36,38,32,36,57,6,bunnelby,bunnelby-shiny
735,660,Diggersby,,Normal,Ground,423,85,56,77,50,77,78,6,diggersby,diggersby-shiny
736,661,Fletchling,,Normal,Flying,278,45,50,43,40,38,62,6,fletchling,fletchling-shiny
737,662,Fletchinder,,Fire,Flying,382,62,73,55,56,52,84,6,fletchinder,fletchinder-shiny
738,663,Talonflame,,Fire,Flying,499,78,81,71,74,69,126,6,talonflame,talonflame-shiny
739,664,Scatterbug,,Bug,,200,38,35,40,27,25,35,6,scatterbug,scatterbug-shiny
740,665,Spewpa,,Bug,,213,45,22,60,27,30,29,6,spewpa,spewpa-shiny
741,666,Vivillon,,Bug,Flying,411,80,52,50,90,50,89,6,vivillon,vivillon-shiny
742,667,Litleo,,Fire,Normal,369,62,50,58,73,54,72,6,litleo,litleo-shiny
743,668,Pyroar,,Fire,Normal,507,86,68,72,109,66,106,6,pyroar,pyroar-shiny
744,669,Flabb,,Fairy,,303,44,38,39,61,79,42,6,flabb,flabb-shiny
745,670,Floette,,Fairy,,371,54,45,47,75,98,52,6,floette,floette-shiny
746,671,Florges,,Fairy,,552,78,65,68,112,154,75,6,florges,florges-shiny
747,672,Skiddo,,Grass,,350,66,65,48,62,57,52,6,skiddo,skiddo-shiny
748,673,Gogoat,,Grass,,531,123,100,62,97,81,68,6,gogoat,gogoat-shiny
749,674,Pancham,,Fighting,,348,67,82,62,46,48,43,6,pancham,pancham-shiny
750,675,Pangoro,,Fighting,Dark,495,95,124,78,69,71,58,6,pangoro,pangoro-shiny
751,676,Furfrou,,Normal,,472,75,80,60,65,90,102,6,furfrou,furfrou-shiny
752,677,Espurr,,Psychic,,355,62,48,54,63,60,68,6,espurr,espurr-shiny
753,678,Meowstic,Male,Psychic,,466,74,48,76,83,81,104,6,meowstic,meowstic-shiny
754,678,Meowstic,Female,Psychic,,466,74,48,76,83,81,104,6,meowstic,meowstic-shiny
755,679,Honedge,,Steel,Ghost,325,45,80,100,35,37,28,6,honedge,honedge-shiny
756,680,Doublade,,Steel,Ghost,448,59,110,150,45,49,35,6,doublade,doublade-shiny
757,681,Aegislash,Shield Forme,Steel,Ghost,500,60,50,140,50,140,60,6,aegislash,aegislash-shiny
758,681,Aegislash,Blade Forme,Steel,Ghost,500,60,140,50,140,50,60,6,aegislash,aegislash-shiny
759,682,Spritzee,,Fairy,,341,78,52,60,63,65,23,6,spritzee,spritzee-shiny
760,683,Aromatisse,,Fairy,,462,101,72,72,99,89,29,6,aromatisse,aromatisse-shiny
761,684,Swirlix,,Fairy,,341,62,48,66,59,57,49,6,swirlix,swirlix-shiny
762,685,Slurpuff,,Fairy,,480,82,80,86,85,75,72,6,slurpuff,slurpuff-shiny
763,686,Inkay,,Dark,Psychic,288,53,54,53,37,46,45,6,inkay,inkay-shiny
764,687,Malamar,,Dark,Psychic,482,86,92,88,68,75,73,6,malamar,malamar-shiny
765,688,Binacle,,Rock,Water,306,42,52,67,39,56,50,6,binacle,binacle-shiny
766,689,Barbaracle,,Rock,Water,500,72,105,115,54,86,68,6,barbaracle,barbaracle-shiny
767,690,Skrelp,,Poison,Water,320,50,60,60,60,60,30,6,skrelp,skrelp-shiny
768,691,Dragalge,,Poison,Dragon,494,65,75,90,97,123,44,6,dragalge,dragalge-shiny
769,692,Clauncher,,Water,,330,50,53,62,58,63,44,6,clauncher,clauncher-shiny
770,693,Clawitzer,,Water,,500,71,73,88,120,89,59,6,clawitzer,clawitzer-shiny
771,694,Helioptile,,Electric,Normal,289,44,38,33,61,43,70,6,helioptile,helioptile-shiny
772,695,Heliolisk,,Electric,Normal,481,62,55,52,109,94,109,6,heliolisk,heliolisk-shiny
773,696,Tyrunt,,Rock,Dragon,362,58,89,77,45,45,48,6,tyrunt,tyrunt-shiny
774,697,Tyrantrum,,Rock,Dragon,521,82,121,119,69,59,71,6,tyrantrum,tyrantrum-shiny
775,698,Amaura,,Rock,Ice,362,77,59,50,67,63,46,6,amaura,amaura-shiny
776,699,Aurorus,,Rock,Ice,521,123,77,72,99,92,58,6,aurorus,aurorus-shiny
777,700,Sylveon,,Fairy,,525,95,65,65,110,130,60,6,sylveon,sylveon-shiny
778,701,Hawlucha,,Fighting,Flying,500,78,92,75,74,63,118,6,hawlucha,hawlucha-shiny
779,702,Dedenne,,Electric,Fairy,431,67,58,57,81,67,101,6,dedenne,dedenne-shiny
780,703,Carbink,,Rock,Fairy,500,50,50,150,50,150,50,6,carbink,carbink-shiny
781,704,Goomy,,Dragon,,300,45,50,35,55,75,40,6,goomy,goomy-shiny
782,705,Sliggoo,,Dragon,,452,68,75,53,83,113,60,6,sliggoo,sliggoo-shiny
783,706,Goodra,,Dragon,,600,90,100,70,110,150,80,6,goodra,goodra-shiny
784,707,Klefki,,Steel,Fairy,470,57,80,91,80,87,75,6,klefki,klefki-shiny
785,708,Phantump,,Ghost,Grass,309,43,70,48,50,60,38,6,phantump,phantump-shiny
786,709,Trevenant,,Ghost,Grass,474,85,110,76,65,82,56,6,trevenant,trevenant-shiny
787,710,Pumpkaboo,Average Size,Ghost,Grass,335,49,66,70,44,55,51,6,pumpkaboo,pumpkaboo-shiny
788,710,Pumpkaboo,Small Size,Ghost,Grass,335,44,66,70,44,55,56,6,pumpkaboo,pumpkaboo-shiny
789,710,Pumpkaboo,Large Size,Ghost,Grass,335,54,66,70,44,55,46,6,pumpkaboo,pumpkaboo-shiny
790,710,Pumpkaboo,Super Size,Ghost,Grass,335,59,66,70,44,55,41,6,pumpkaboo,pumpkaboo-shiny
791,711,Gourgeist,Average Size,Ghost,Grass,494,65,90,122,58,75,84,6,gourgeist,gourgeist-shiny
792,711,Gourgeist,Small Size,Ghost,Grass,494,55,85,122,58,75,99,6,gourgeist,gourgeist-shiny
793,711,Gourgeist,Large Size,Ghost,Grass,494,75,95,122,58,75,69,6,gourgeist,gourgeist-shiny
794,711,Gourgeist,Super Size,Ghost,Grass,494,85,100,122,58,75,54,6,gourgeist,gourgeist-shiny
795,712,Bergmite,,Ice,,304,55,69,85,32,35,28,6,bergmite,bergmite-shiny
796,713,Avalugg,,Ice,,514,95,117,184,44,46,28,6,avalugg,avalugg-shiny
797,714,Noibat,,Flying,Dragon,245,40,30,35,45,40,55,6,noibat,noibat-shiny
798,715,Noivern,,Flying,Dragon,535,85,70,80,97,80,123,6,noivern,noivern-shiny
799,716,Xerneas,,Fairy,,680,126,131,95,131,98,99,6,xerneas,xerneas-shiny
800,717,Yveltal,,Dark,Flying,680,126,131,95,131,98,99,6,yveltal,yveltal-shiny
801,718,Zygarde50 Forme,,Dragon,Ground,600,108,100,121,81,95,95,6,zygarde50_forme,zygarde50_forme-shiny
802,719,Diancie,,Rock,Fairy,600,50,100,150,100,150,50,6,diancie,diancie-shiny
803,719,Diancie,Mega Diancie,Rock,Fairy,700,50,160,110,160,110,110,6,diancie,diancie-shiny
804,720,Hoopa,Hoopa Confined,Psychic,Ghost,600,80,110,60,150,130,70,6,hoopa,hoopa-shiny
805,720,Hoopa,Hoopa Unbound,Psychic,Dark,680,80,160,60,170,130,80,6,hoopa,hoopa-shiny
806,721,Volcanion,,Fire,Water,600,80,110,120,130,90,70,6,volcanion,volcanion-shiny
807,19,Rattata,Alolan Rattata,Dark,Normal,253,30,56,35,25,35,72,7,rattata,rattata-shiny
808,20,Raticate,Alolan Raticate,Dark,Normal,413,75,71,70,40,80,77,7,raticate,raticate-shiny
809,25,Pikachu,Partner Pikachu,Electric,,430,45,80,50,75,60,120,7,pikachu,pikachu-shiny
810,26,Raichu,Alolan Raichu,Electric,Psychic,485,60,85,50,95,85,110,7,raichu,raichu-shiny
811,27,Sandshrew,Alolan Sandshrew,Ice,Steel,300,50,75,90,10,35,40,7,sandshrew,sandshrew-shiny
812,28,Sandslash,Alolan Sandslash,Ice,Steel,450,75,100,120,25,65,65,7,sandslash,sandslash-shiny
813,37,Vulpix,Alolan Vulpix,Ice,,299,38,41,40,50,65,65,7,vulpix,vulpix-shiny
814,38,Ninetales,Alolan Ninetales,Ice,Fairy,505,73,67,75,81,100,109,7,ninetales,ninetales-shiny
815,50,Diglett,Alolan Diglett,Ground,Steel,265,10,55,30,35,45,90,7,diglett,diglett-shiny
816,51,Dugtrio,Alolan Dugtrio,Ground,Steel,425,35,100,60,50,70,110,7,dugtrio,dugtrio-shiny
817,52,Meowth,Alolan Meowth,Dark,,290,40,35,35,50,40,90,7,meowth,meowth-shiny
818,53,Persian,Alolan Persian,Dark,,440,65,60,60,75,65,115,7,persian,persian-shiny
819,74,Geodude,Alolan Geodude,Rock,Electric,300,40,80,100,30,30,20,7,geodude,geodude-shiny
820,75,Graveler,Alolan Graveler,Rock,Electric,390,55,95,115,45,45,35,7,graveler,graveler-shiny
821,76,Golem,Alolan Golem,Rock,Electric,495,80,120,130,55,65,45,7,golem,golem-shiny
822,88,Grimer,Alolan Grimer,Poison,Dark,325,80,80,50,40,50,25,7,grimer,grimer-shiny
823,89,Muk,Alolan Muk,Poison,Dark,500,105,105,75,65,100,50,7,muk,muk-shiny
824,103,Exeggutor,Alolan Exeggutor,Grass,Dragon,530,95,105,85,125,75,45,7,exeggutor,exeggutor-shiny
825,105,Marowak,Alolan Marowak,Fire,Ghost,425,60,80,110,50,80,45,7,marowak,marowak-shiny
826,133,Eevee,Partner Eevee,Normal,,435,65,75,70,65,85,75,7,eevee,eevee-shiny
827,658,Greninja,Ash-Greninja,Water,Dark,640,72,145,67,153,71,132,7,greninja,greninja-shiny
828,718,Zygarde10 Forme,,Dragon,Ground,486,54,100,71,61,85,115,7,zygarde10_forme,zygarde10_forme-shiny
829,718,Zygarde,Complete Forme,Dragon,Ground,708,216,100,121,91,95,85,7,zygarde,zygarde-shiny
830,722,Rowlet,,Grass,Flying,320,68,55,55,50,50,42,7,rowlet,rowlet-shiny
831,723,Dartrix,,Grass,Flying,420,78,75,75,70,70,52,7,dartrix,dartrix-shiny
832,724,Decidueye,,Grass,Ghost,530,78,107,75,100,100,70,7,decidueye,decidueye-shiny
833,725,Litten,,Fire,,320,45,65,40,60,40,70,7,litten,litten-shiny
834,726,Torracat,,Fire,,420,65,85,50,80,50,90,7,torracat,torracat-shiny
835,727,Incineroar,,Fire,Dark,530,95,115,90,80,90,60,7,incineroar,incineroar-shiny
836,728,Popplio,,Water,,320,50,54,54,66,56,40,7,popplio,popplio-shiny
837,729,Brionne,,Water,,420,60,69,69,91,81,50,7,brionne,brionne-shiny
838,730,Primarina,,Water,Fairy,530,80,74,74,126,116,60,7,primarina,primarina-shiny
839,731,Pikipek,,Normal,Flying,265,35,75,30,30,30,65,7,pikipek,pikipek-shiny
840,732,Trumbeak,,Normal,Flying,355,55,85,50,40,50,75,7,trumbeak,trumbeak-shiny
841,733,Toucannon,,Normal,Flying,485,80,120,75,75,75,60,7,toucannon,toucannon-shiny
842,734,Yungoos,,Normal,,253,48,70,30,30,30,45,7,yungoos,yungoos-shiny
843,735,Gumshoos,,Normal,,418,88,110,60,55,60,45,7,gumshoos,gumshoos-shiny
844,736,Grubbin,,Bug,,300,47,62,45,55,45,46,7,grubbin,grubbin-shiny
845,737,Charjabug,,Bug,Electric,400,57,82,95,55,75,36,7,charjabug,charjabug-shiny
846,738,Vikavolt,,Bug,Electric,500,77,70,90,145,75,43,7,vikavolt,vikavolt-shiny
847,739,Crabrawler,,Fighting,,338,47,82,57,42,47,63,7,crabrawler,crabrawler-shiny
848,740,Crabominable,,Fighting,Ice,478,97,132,77,62,67,43,7,crabominable,crabominable-shiny
849,741,Oricorio,Baile Style,Fire,Flying,476,75,70,70,98,70,93,7,oricorio,oricorio-shiny
850,741,Oricorio,Pom-Pom Style,Electric,Flying,476,75,70,70,98,70,93,7,oricorio,oricorio-shiny
851,741,Oricorio,Pa'u Style,Psychic,Flying,476,75,70,70,98,70,93,7,oricorio,oricorio-shiny
852,741,Oricorio,Sensu Style,Ghost,Flying,476,75,70,70,98,70,93,7,oricorio,oricorio-shiny
853,742,Cutiefly,,Bug,Fairy,304,40,45,40,55,40,84,7,cutiefly,cutiefly-shiny
854,743,Ribombee,,Bug,Fairy,464,60,55,60,95,70,124,7,ribombee,ribombee-shiny
855,744,Rockruff,,Rock,,280,45,65,40,30,40,60,7,rockruff,rockruff-shiny
856,744,Rockruff,Own Tempo Rockruff,Rock,,280,45,65,40,30,40,60,7,rockruff,rockruff-shiny
857,745,Lycanroc,Midday Form,Rock,,487,75,115,65,55,65,112,7,lycanroc,lycanroc-shiny
858,745,Lycanroc,Midnight Form,Rock,,487,85,115,75,55,75,82,7,lycanroc,lycanroc-shiny
859,745,Lycanroc,Dusk Form,Rock,,487,75,117,65,55,65,110,7,lycanroc,lycanroc-shiny
860,746,Wishiwashi,Solo Form,Water,,175,45,20,20,25,25,40,7,wishiwashi,wishiwashi-shiny
861,746,Wishiwashi,School Form,Water,,620,45,140,130,140,135,30,7,wishiwashi,wishiwashi-shiny
862,747,Mareanie,,Poison,Water,305,50,53,62,43,52,45,7,mareanie,mareanie-shiny
863,748,Toxapex,,Poison,Water,495,50,63,152,53,142,35,7,toxapex,toxapex-shiny
864,749,Mudbray,,Ground,,385,70,100,70,45,55,45,7,mudbray,mudbray-shiny
865,750,Mudsdale,,Ground,,500,100,125,100,55,85,35,7,mudsdale,mudsdale-shiny
866,751,Dewpider,,Water,Bug,269,38,40,52,40,72,27,7,dewpider,dewpider-shiny
867,752,Araquanid,,Water,Bug,454,68,70,92,50,132,42,7,araquanid,araquanid-shiny
868,753,Fomantis,,Grass,,250,40,55,35,50,35,35,7,fomantis,fomantis-shiny
869,754,Lurantis,,Grass,,480,70,105,90,80,90,45,7,lurantis,lurantis-shiny
870,755,Morelull,,Grass,Fairy,285,40,35,55,65,75,15,7,morelull,morelull-shiny
871,756,Shiinotic,,Grass,Fairy,405,60,45,80,90,100,30,7,shiinotic,shiinotic-shiny
872,757,Salandit,,Poison,Fire,320,48,44,40,71,40,77,7,salandit,salandit-shiny
873,758,Salazzle,,Poison,Fire,480,68,64,60,111,60,117,7,salazzle,salazzle-shiny
874,759,Stufful,,Normal,Fighting,340,70,75,50,45,50,50,7,stufful,stufful-shiny
875,760,Bewear,,Normal,Fighting,500,120,125,80,55,60,60,7,bewear,bewear-shiny
876,761,Bounsweet,,Grass,,210,42,30,38,30,38,32,7,bounsweet,bounsweet-shiny
877,762,Steenee,,Grass,,290,52,40,48,40,48,62,7,steenee,steenee-shiny
878,763,Tsareena,,Grass,,510,72,120,98,50,98,72,7,tsareena,tsareena-shiny
879,764,Comfey,,Fairy,,485,51,52,90,82,110,100,7,comfey,comfey-shiny
880,765,Oranguru,,Normal,Psychic,490,90,60,80,90,110,60,7,oranguru,oranguru-shiny
881,766,Passimian,,Fighting,,490,100,120,90,40,60,80,7,passimian,passimian-shiny
882,767,Wimpod,,Bug,Water,230,25,35,40,20,30,80,7,wimpod,wimpod-shiny
883,768,Golisopod,,Bug,Water,530,75,125,140,60,90,40,7,golisopod,golisopod-shiny
884,769,Sandygast,,Ghost,Ground,320,55,55,80,70,45,15,7,sandygast,sandygast-shiny
885,770,Palossand,,Ghost,Ground,480,85,75,110,100,75,35,7,palossand,palossand-shiny
886,771,Pyukumuku,,Water,,410,55,60,130,30,130,5,7,pyukumuku,pyukumuku-shiny
887,772,Type: Null,,Normal,,534,95,95,95,95,95,59,7,type: null,type: null-shiny
888,773,Silvally,,Normal,,570,95,95,95,95,95,95,7,silvally,silvally-shiny
889,774,Minior,Meteor Form,Rock,Flying,440,60,60,100,60,100,60,7,minior,minior-shiny
890,774,Minior,Core Form,Rock,Flying,500,60,100,60,100,60,120,7,minior,minior-shiny
891,775,Komala,,Normal,,480,65,115,65,75,95,65,7,komala,komala-shiny
892,776,Turtonator,,Fire,Dragon,485,60,78,135,91,85,36,7,turtonator,turtonator-shiny
893,777,Togedemaru,,Electric,Steel,435,65,98,63,40,73,96,7,togedemaru,togedemaru-shiny
894,778,Mimikyu,,Ghost,Fairy,476,55,90,80,50,105,96,7,mimikyu,mimikyu-shiny
895,779,Bruxish,,Water,Psychic,475,68,105,70,70,70,92,7,bruxish,bruxish-shiny
896,780,Drampa,,Normal,Dragon,485,78,60,85,135,91,36,7,drampa,drampa-shiny
897,781,Dhelmise,,Ghost,Grass,517,70,131,100,86,90,40,7,dhelmise,dhelmise-shiny
898,782,Jangmo-o,,Dragon,,300,45,55,65,45,45,45,7,jangmo-o,jangmo-o-shiny
899,783,Hakamo-o,,Dragon,Fighting,420,55,75,90,65,70,65,7,hakamo-o,hakamo-o-shiny
900,784,Kommo-o,,Dragon,Fighting,600,75,110,125,100,105,85,7,kommo-o,kommo-o-shiny
901,785,Tapu Koko,,Electric,Fairy,570,70,115,85,95,75,130,7,tapu koko,tapu koko-shiny
902,786,Tapu Lele,,Psychic,Fairy,570,70,85,75,130,115,95,7,tapu lele,tapu lele-shiny
903,787,Tapu Bulu,,Grass,Fairy,570,70,130,115,85,95,75,7,tapu bulu,tapu bulu-shiny
904,788,Tapu Fini,,Water,Fairy,570,70,75,115,95,130,85,7,tapu fini,tapu fini-shiny
905,789,Cosmog,,Psychic,,200,43,29,31,29,31,37,7,cosmog,cosmog-shiny
906,790,Cosmoem,,Psychic,,400,43,29,131,29,131,37,7,cosmoem,cosmoem-shiny
907,791,Solgaleo,,Psychic,Steel,680,137,137,107,113,89,97,7,solgaleo,solgaleo-shiny
908,792,Lunala,,Psychic,Ghost,680,137,113,89,137,107,97,7,lunala,lunala-shiny
909,793,Nihilego,,Rock,Poison,570,109,53,47,127,131,103,7,nihilego,nihilego-shiny
910,794,Buzzwole,,Bug,Fighting,570,107,139,139,53,53,79,7,buzzwole,buzzwole-shiny
911,795,Pheromosa,,Bug,Fighting,570,71,137,37,137,37,151,7,pheromosa,pheromosa-shiny
912,796,Xurkitree,,Electric,,570,83,89,71,173,71,83,7,xurkitree,xurkitree-shiny
913,797,Celesteela,,Steel,Flying,570,97,101,103,107,101,61,7,celesteela,celesteela-shiny
914,798,Kartana,,Grass,Steel,570,59,181,131,59,31,109,7,kartana,kartana-shiny
915,799,Guzzlord,,Dark,Dragon,570,223,101,53,97,53,43,7,guzzlord,guzzlord-shiny
916,800,Necrozma,,Psychic,,600,97,107,101,127,89,79,7,necrozma,necrozma-shiny
917,800,Necrozma,Dusk Mane Necrozma,Psychic,Steel,680,97,157,127,113,109,77,7,necrozma,necrozma-shiny
918,800,Necrozma,Dawn Wings Necrozma,Psychic,Ghost,680,97,113,109,157,127,77,7,necrozma,necrozma-shiny
919,800,Necrozma,Ultra Necrozma,Psychic,Dragon,754,97,167,97,167,97,129,7,necrozma,necrozma-shiny
920,801,Magearna,,Steel,Fairy,600,80,95,115,130,115,65,7,magearna,magearna-shiny
921,802,Marshadow,,Fighting,Ghost,600,90,125,80,90,90,125,7,marshadow,marshadow-shiny
922,803,Poipole,,Poison,,420,67,73,67,73,67,73,7,poipole,poipole-shiny
923,804,Naganadel,,Poison,Dragon,540,73,73,73,127,73,121,7,naganadel,naganadel-shiny
924,805,Stakataka,,Rock,Steel,570,61,131,211,53,101,13,7,stakataka,stakataka-shiny
925,806,Blacephalon,,Fire,Ghost,570,53,127,53,151,79,107,7,blacephalon,blacephalon-shiny
926,807,Zeraora,,Electric,,600,88,112,75,102,80,143,7,zeraora,zeraora-shiny
927,808,Meltan,,Steel,,300,46,65,65,55,35,34,7,meltan,meltan-shiny
928,809,Melmetal,,Steel,,600,135,143,143,80,65,34,7,melmetal,melmetal-shiny
929,52,Meowth,Galarian Meowth,Steel,,290,50,65,55,40,40,40,8,meowth,meowth-shiny
930,58,Growlithe,Hisuian Growlithe,Fire,Rock,350,60,75,45,65,50,55,8,growlithe,growlithe-shiny
931,59,Arcanine,Hisuian Arcanine,Fire,Rock,555,95,115,80,95,80,90,8,arcanine,arcanine-shiny
932,77,Ponyta,Galarian Ponyta,Psychic,,410,50,85,55,65,65,90,8,ponyta,ponyta-shiny
933,78,Rapidash,Galarian Rapidash,Psychic,Fairy,500,65,100,70,80,80,105,8,rapidash,rapidash-shiny
934,79,Slowpoke,Galarian Slowpoke,Psychic,,315,90,65,65,40,40,15,8,slowpoke,slowpoke-shiny
935,80,Slowbro,Galarian Slowbro,Poison,Psychic,490,95,100,95,100,70,30,8,slowbro,slowbro-shiny
936,83,Farfetch'd,Galarian Farfetch'd,Fighting,,377,52,95,55,58,62,55,8,farfetch'd,farfetch'd-shiny
937,100,Voltorb,Hisuian Voltorb,Electric,Grass,330,40,30,50,55,55,100,8,voltorb,voltorb-shiny
938,101,Electrode,Hisuian Electrode,Electric,Grass,490,60,50,70,80,80,150,8,electrode,electrode-shiny
939,110,Weezing,Galarian Weezing,Poison,Fairy,490,65,90,120,85,70,60,8,weezing,weezing-shiny
940,122,Mr. Mime,Galarian Mr. Mime,Ice,Psychic,460,50,65,65,90,90,100,8,mr. mime,mr. mime-shiny
941,144,Articuno,Galarian Articuno,Psychic,Flying,580,90,85,85,125,100,95,8,articuno,articuno-shiny
942,145,Zapdos,Galarian Zapdos,Fighting,Flying,580,90,125,90,85,90,100,8,zapdos,zapdos-shiny
943,146,Moltres,Galarian Moltres,Dark,Flying,580,90,85,90,100,125,90,8,moltres,moltres-shiny
944,157,Typhlosion,Hisuian Typhlosion,Fire,Ghost,534,73,84,78,119,85,95,8,typhlosion,typhlosion-shiny
945,199,Slowking,Galarian Slowking,Poison,Psychic,490,95,65,80,110,110,30,8,slowking,slowking-shiny
946,211,Qwilfish,Hisuian Qwilfish,Dark,Poison,440,65,95,85,55,55,85,8,qwilfish,qwilfish-shiny
947,215,Sneasel,Hisuian Sneasel,Fighting,Poison,430,55,95,55,35,75,115,8,sneasel,sneasel-shiny
948,222,Corsola,Galarian Corsola,Ghost,,410,60,55,100,65,100,30,8,corsola,corsola-shiny
949,263,Zigzagoon,Galarian Zigzagoon,Dark,Normal,240,38,30,41,30,41,60,8,zigzagoon,zigzagoon-shiny
950,264,Linoone,Galarian Linoone,Dark,Normal,420,78,70,61,50,61,100,8,linoone,linoone-shiny
951,483,Dialga,Origin Forme,Steel,Dragon,680,100,100,120,150,120,90,8,dialga,dialga-shiny
952,484,Palkia,Origin Forme,Water,Dragon,680,90,100,100,150,120,120,8,palkia,palkia-shiny
953,503,Samurott,Hisuian Samurott,Water,Dark,528,90,108,80,100,65,85,8,samurott,samurott-shiny
954,549,Lilligant,Hisuian Lilligant,Grass,Fighting,480,70,105,75,50,75,105,8,lilligant,lilligant-shiny
955,550,Basculin,White-Striped Form,Water,,460,70,92,65,80,55,98,8,basculin,basculin-shiny
956,554,Darumaka,Galarian Darumaka,Ice,,315,70,90,45,15,45,50,8,darumaka,darumaka-shiny
957,555,Darmanitan,Galarian Standard Mode,Ice,,480,105,140,55,30,55,95,8,darmanitan,darmanitan-shiny
958,555,Darmanitan,Galarian Zen Mode,Ice,Fire,540,105,160,55,30,55,135,8,darmanitan,darmanitan-shiny
959,562,Yamask,Galarian Yamask,Ground,Ghost,303,38,55,85,30,65,30,8,yamask,yamask-shiny
960,570,Zorua,Hisuian Zorua,Normal,Ghost,330,35,60,40,85,40,70,8,zorua,zorua-shiny
961,571,Zoroark,Hisuian Zoroark,Normal,Ghost,510,60,105,60,120,60,105,8,zoroark,zoroark-shiny
962,618,Stunfisk,Galarian Stunfisk,Ground,Steel,471,109,81,99,66,84,32,8,stunfisk,stunfisk-shiny
963,628,Braviary,Hisuian Braviary,Psychic,Flying,510,110,83,70,112,70,65,8,braviary,braviary-shiny
964,705,Sliggoo,Hisuian Sliggoo,Steel,Dragon,452,58,75,83,83,113,40,8,sliggoo,sliggoo-shiny
965,706,Goodra,Hisuian Goodra,Steel,Dragon,600,80,100,100,110,150,60,8,goodra,goodra-shiny
966,713,Avalugg,Hisuian Avalugg,Ice,Rock,514,95,127,184,34,36,38,8,avalugg,avalugg-shiny
967,724,Decidueye,Hisuian Decidueye,Grass,Fighting,530,88,112,80,95,95,60,8,decidueye,decidueye-shiny
968,810,Grookey,,Grass,,310,50,65,50,40,40,65,8,grookey,grookey-shiny
969,811,Thwackey,,Grass,,420,70,85,70,55,60,80,8,thwackey,thwackey-shiny
970,812,Rillaboom,,Grass,,530,100,125,90,60,70,85,8,rillaboom,rillaboom-shiny
971,813,Scorbunny,,Fire,,310,50,71,40,40,40,69,8,scorbunny,scorbunny-shiny
972,814,Raboot,,Fire,,420,65,86,60,55,60,94,8,raboot,raboot-shiny
973,815,Cinderace,,Fire,,530,80,116,75,65,75,119,8,cinderace,cinderace-shiny
974,816,Sobble,,Water,,310,50,40,40,70,40,70,8,sobble,sobble-shiny
975,817,Drizzile,,Water,,420,65,60,55,95,55,90,8,drizzile,drizzile-shiny
976,818,Inteleon,,Water,,530,70,85,65,125,65,120,8,inteleon,inteleon-shiny
977,819,Skwovet,,Normal,,275,70,55,55,35,35,25,8,skwovet,skwovet-shiny
978,820,Greedent,,Normal,,460,120,95,95,55,75,20,8,greedent,greedent-shiny
979,821,Rookidee,,Flying,,245,38,47,35,33,35,57,8,rookidee,rookidee-shiny
980,822,Corvisquire,,Flying,,365,68,67,55,43,55,77,8,corvisquire,corvisquire-shiny
981,823,Corviknight,,Flying,Steel,495,98,87,105,53,85,67,8,corviknight,corviknight-shiny
982,824,Blipbug,,Bug,,180,25,20,20,25,45,45,8,blipbug,blipbug-shiny
983,825,Dottler,,Bug,Psychic,335,50,35,80,50,90,30,8,dottler,dottler-shiny
984,826,Orbeetle,,Bug,Psychic,505,60,45,110,80,120,90,8,orbeetle,orbeetle-shiny
985,827,Nickit,,Dark,,245,40,28,28,47,52,50,8,nickit,nickit-shiny
986,828,Thievul,,Dark,,455,70,58,58,87,92,90,8,thievul,thievul-shiny
987,829,Gossifleur,,Grass,,250,40,40,60,40,60,10,8,gossifleur,gossifleur-shiny
988,830,Eldegoss,,Grass,,460,60,50,90,80,120,60,8,eldegoss,eldegoss-shiny
989,831,Wooloo,,Normal,,270,42,40,55,40,45,48,8,wooloo,wooloo-shiny
990,832,Dubwool,,Normal,,490,72,80,100,60,90,88,8,dubwool,dubwool-shiny
991,833,Chewtle,,Water,,284,50,64,50,38,38,44,8,chewtle,chewtle-shiny
992,834,Drednaw,,Water,Rock,485,90,115,90,48,68,74,8,drednaw,drednaw-shiny
993,835,Yamper,,Electric,,270,59,45,50,40,50,26,8,yamper,yamper-shiny
994,836,Boltund,,Electric,,490,69,90,60,90,60,121,8,boltund,boltund-shiny
995,837,Rolycoly,,Rock,,240,30,40,50,40,50,30,8,rolycoly,rolycoly-shiny
996,838,Carkol,,Rock,Fire,410,80,60,90,60,70,50,8,carkol,carkol-shiny
997,839,Coalossal,,Rock,Fire,510,110,80,120,80,90,30,8,coalossal,coalossal-shiny
998,840,Applin,,Grass,Dragon,260,40,40,80,40,40,20,8,applin,applin-shiny
999,841,Flapple,,Grass,Dragon,485,70,110,80,95,60,70,8,flapple,flapple-shiny
1000,842,Appletun,,Grass,Dragon,485,110,85,80,100,80,30,8,appletun,appletun-shiny
1001,843,Silicobra,,Ground,,315,52,57,75,35,50,46,8,silicobra,silicobra-shiny
1002,844,Sandaconda,,Ground,,510,72,107,125,65,70,71,8,sandaconda,sandaconda-shiny
1003,845,Cramorant,,Flying,Water,475,70,85,55,85,95,85,8,cramorant,cramorant-shiny
1004,846,Arrokuda,,Water,,280,41,63,40,40,30,66,8,arrokuda,arrokuda-shiny
1005,847,Barraskewda,,Water,,490,61,123,60,60,50,136,8,barraskewda,barraskewda-shiny
1006,848,Toxel,,Electric,Poison,242,40,38,35,54,35,40,8,toxel,toxel-shiny
1007,849,Toxtricity,Amped Form,Electric,Poison,502,75,98,70,114,70,75,8,toxtricity,toxtricity-shiny
1008,849,Toxtricity,Low Key Form,Electric,Poison,502,75,98,70,114,70,75,8,toxtricity,toxtricity-shiny
1009,850,Sizzlipede,,Fire,Bug,305,50,65,45,50,50,45,8,sizzlipede,sizzlipede-shiny
1010,851,Centiskorch,,Fire,Bug,525,100,115,65,90,90,65,8,centiskorch,centiskorch-shiny
1011,852,Clobbopus,,Fighting,,310,50,68,60,50,50,32,8,clobbopus,clobbopus-shiny
1012,853,Grapploct,,Fighting,,480,80,118,90,70,80,42,8,grapploct,grapploct-shiny
1013,854,Sinistea,,Ghost,,308,40,45,45,74,54,50,8,sinistea,sinistea-shiny
1014,855,Polteageist,,Ghost,,508,60,65,65,134,114,70,8,polteageist,polteageist-shiny
1015,856,Hatenna,,Psychic,,265,42,30,45,56,53,39,8,hatenna,hatenna-shiny
1016,857,Hattrem,,Psychic,,370,57,40,65,86,73,49,8,hattrem,hattrem-shiny
1017,858,Hatterene,,Psychic,Fairy,510,57,90,95,136,103,29,8,hatterene,hatterene-shiny
1018,859,Impidimp,,Dark,Fairy,265,45,45,30,55,40,50,8,impidimp,impidimp-shiny
1019,860,Morgrem,,Dark,Fairy,370,65,60,45,75,55,70,8,morgrem,morgrem-shiny
1020,861,Grimmsnarl,,Dark,Fairy,510,95,120,65,95,75,60,8,grimmsnarl,grimmsnarl-shiny
1021,862,Obstagoon,,Dark,Normal,520,93,90,101,60,81,95,8,obstagoon,obstagoon-shiny
1022,863,Perrserker,,Steel,,440,70,110,100,50,60,50,8,perrserker,perrserker-shiny
1023,864,Cursola,,Ghost,,510,60,95,50,145,130,30,8,cursola,cursola-shiny
1024,865,Sirfetch'd,,Fighting,,507,62,135,95,68,82,65,8,sirfetch'd,sirfetch'd-shiny
1025,866,Mr. Rime,,Ice,Psychic,520,80,85,75,110,100,70,8,mr. rime,mr. rime-shiny
1026,867,Runerigus,,Ground,Ghost,483,58,95,145,50,105,30,8,runerigus,runerigus-shiny
1027,868,Milcery,,Fairy,,270,45,40,40,50,61,34,8,milcery,milcery-shiny
1028,869,Alcremie,,Fairy,,495,65,60,75,110,121,64,8,alcremie,alcremie-shiny
1029,870,Falinks,,Fighting,,470,65,100,100,70,60,75,8,falinks,falinks-shiny
1030,871,Pincurchin,,Electric,,435,48,101,95,91,85,15,8,pincurchin,pincurchin-shiny
1031,872,Snom,,Ice,Bug,185,30,25,35,45,30,20,8,snom,snom-shiny
1032,873,Frosmoth,,Ice,Bug,475,70,65,60,125,90,65,8,frosmoth,frosmoth-shiny
1033,874,Stonjourner,,Rock,,470,100,125,135,20,20,70,8,stonjourner,stonjourner-shiny
1034,875,Eiscue,Ice Face,Ice,,470,75,80,110,65,90,50,8,eiscue,eiscue-shiny
1035,875,Eiscue,Noice Face,Ice,,470,75,80,70,65,50,130,8,eiscue,eiscue-shiny
1036,876,Indeedee,Male,Psychic,Normal,475,60,65,55,105,95,95,8,indeedee,indeedee-shiny
1037,876,Indeedee,Female,Psychic,Normal,475,70,55,65,95,105,85,8,indeedee,indeedee-shiny
1038,877,Morpeko,Full Belly Mode,Electric,Dark,436,58,95,58,70,58,97,8,morpeko,morpeko-shiny
1039,877,Morpeko,Hangry Mode,Electric,Dark,436,58,95,58,70,58,97,8,morpeko,morpeko-shiny
1040,878,Cufant,,Steel,,330,72,80,49,40,49,40,8,cufant,cufant-shiny
1041,879,Copperajah,,Steel,,500,122,130,69,80,69,30,8,copperajah,copperajah-shiny
1042,880,Dracozolt,,Electric,Dragon,505,90,100,90,80,70,75,8,dracozolt,dracozolt-shiny
1043,881,Arctozolt,,Electric,Ice,505,90,100,90,90,80,55,8,arctozolt,arctozolt-shiny
1044,882,Dracovish,,Water,Dragon,505,90,90,100,70,80,75,8,dracovish,dracovish-shiny
1045,883,Arctovish,,Water,Ice,505,90,90,100,80,90,55,8,arctovish,arctovish-shiny
1046,884,Duraludon,,Steel,Dragon,535,70,95,115,120,50,85,8,duraludon,duraludon-shiny
1047,885,Dreepy,,Dragon,Ghost,270,28,60,30,40,30,82,8,dreepy,dreepy-shiny
1048,886,Drakloak,,Dragon,Ghost,410,68,80,50,60,50,102,8,drakloak,drakloak-shiny
1049,887,Dragapult,,Dragon,Ghost,600,88,120,75,100,75,142,8,dragapult,dragapult-shiny
1050,888,Zacian,Hero of Many Battles,Fairy,,660,92,120,115,80,115,138,8,zacian,zacian-shiny
1051,888,Zacian,Crowned Sword,Fairy,Steel,700,92,150,115,80,115,148,8,zacian,zacian-shiny
1052,889,Zamazenta,Hero of Many Battles,Fighting,,660,92,120,115,80,115,138,8,zamazenta,zamazenta-shiny
1053,889,Zamazenta,Crowned Shield,Fighting,Steel,700,92,120,140,80,140,128,8,zamazenta,zamazenta-shiny
1054,890,Eternatus,,Poison,Dragon,690,140,85,95,145,95,130,8,eternatus,eternatus-shiny
1055,890,Eternatus,Eternamax,Poison,Dragon,1125,255,115,250,125,250,130,8,eternatus,eternatus-shiny
1056,891,Kubfu,,Fighting,,385,60,90,60,53,50,72,8,kubfu,kubfu-shiny
1057,892,Urshifu,Single Strike Style,Fighting,Dark,550,100,130,100,63,60,97,8,urshifu,urshifu-shiny
1058,892,Urshifu,Rapid Strike Style,Fighting,Water,550,100,130,100,63,60,97,8,urshifu,urshifu-shiny
1059,893,Zarude,,Dark,Grass,600,105,120,105,70,95,105,8,zarude,zarude-shiny
1060,894,Regieleki,,Electric,,580,80,100,50,100,50,200,8,regieleki,regieleki-shiny
1061,895,Regidrago,,Dragon,,580,200,100,50,100,50,80,8,regidrago,regidrago-shiny
1062,896,Glastrier,,Ice,,580,100,145,130,65,110,30,8,glastrier,glastrier-shiny
1063,897,Spectrier,,Ghost,,580,100,65,60,145,80,130,8,spectrier,spectrier-shiny
1064,898,Calyrex,,Psychic,Grass,500,100,80,80,80,80,80,8,calyrex,calyrex-shiny
1065,898,Calyrex,Ice Rider,Psychic,Ice,680,100,165,150,85,130,50,8,calyrex,calyrex-shiny
1066,898,Calyrex,Shadow Rider,Psychic,Ghost,680,100,85,80,165,100,150,8,calyrex,calyrex-shiny
1067,899,Wyrdeer,,Normal,Psychic,525,103,105,72,105,75,65,8,wyrdeer,wyrdeer-shiny
1068,900,Kleavor,,Bug,Rock,500,70,130,95,45,75,85,8,kleavor,kleavor-shiny
1069,901,Ursaluna,,Ground,Normal,550,130,140,105,45,80,50,8,ursaluna,ursaluna-shiny
1070,902,Basculegion,Male,Water,Ghost,530,120,112,65,80,75,78,8,basculegion,basculegion-shiny
1071,902,Basculegion,Female,Water,Ghost,530,120,92,65,100,75,78,8,basculegion,basculegion-shiny
1072,903,Sneasler,,Fighting,Poison,510,80,130,60,40,80,120,8,sneasler,sneasler-shiny
1073,904,Overqwil,,Dark,Poison,510,85,115,95,65,65,85,8,overqwil,overqwil-shiny
1074,905,Enamorus,Incarnate Forme,Fairy,Flying,580,74,115,70,135,80,106,8,enamorus,enamorus-shiny
1075,905,Enamorus,Therian Forme,Fairy,Flying,580,74,115,110,135,100,46,8,enamorus,enamorus-shiny
1076,128,Tauros,Combat Breed,Fighting,,490,75,110,105,30,70,100,9,tauros,tauros-shiny
1077,128,Tauros,Blaze Breed,Fighting,Fire,490,75,110,105,30,70,100,9,tauros,tauros-shiny
1078,128,Tauros,Aqua Breed,Fighting,Water,490,75,110,105,30,70,100,9,tauros,tauros-shiny
1079,194,Wooper,Paldean Wooper,Poison,Ground,210,55,45,45,25,25,15,9,wooper,wooper-shiny
1080,906,Sprigatito,,Grass,,310,40,61,54,45,45,65,9,sprigatito,sprigatito-shiny
1081,907,Floragato,,Grass,,410,61,80,63,60,63,83,9,floragato,floragato-shiny
1082,908,Meowscarada,,Grass,Dark,530,76,110,70,81,70,123,9,meowscarada,meowscarada-shiny
1083,909,Fuecoco,,Fire,,310,67,45,59,63,40,36,9,fuecoco,fuecoco-shiny
1084,910,Crocalor,,Fire,,411,81,55,78,90,58,49,9,crocalor,crocalor-shiny
1085,911,Skeledirge,,Fire,Ghost,530,104,75,100,110,75,66,9,skeledirge,skeledirge-shiny
1086,912,Quaxly,,Water,,310,55,65,45,50,45,50,9,quaxly,quaxly-shiny
1087,913,Quaxwell,,Water,,410,70,85,65,65,60,65,9,quaxwell,quaxwell-shiny
1088,914,Quaquaval,,Water,Fighting,530,85,120,80,85,75,85,9,quaquaval,quaquaval-shiny
1089,915,Lechonk,,Normal,,254,54,45,40,35,45,35,9,lechonk,lechonk-shiny
1090,916,Oinkologne,Male,Normal,,489,110,100,75,59,80,65,9,oinkologne,oinkologne-shiny
1091,916,Oinkologne,Female,Normal,,489,115,90,70,59,90,65,9,oinkologne,oinkologne-shiny
1092,917,Tarountula,,Bug,,210,35,41,45,29,40,20,9,tarountula,tarountula-shiny
1093,918,Spidops,,Bug,,404,60,79,92,52,86,35,9,spidops,spidops-shiny
1094,919,Nymble,,Bug,,210,33,46,40,21,25,45,9,nymble,nymble-shiny
1095,920,Lokix,,Bug,Dark,450,71,102,78,52,55,92,9,lokix,lokix-shiny
1096,921,Pawmi,,Electric,,240,45,50,20,40,25,60,9,pawmi,pawmi-shiny
1097,922,Pawmo,,Electric,Fighting,350,60,75,40,50,40,85,9,pawmo,pawmo-shiny
1098,923,Pawmot,,Electric,Fighting,490,70,115,70,70,60,105,9,pawmot,pawmot-shiny
1099,924,Tandemaus,,Normal,,305,50,50,45,40,45,75,9,tandemaus,tandemaus-shiny
1100,925,Maushold,Family of Four,Normal,,470,74,75,70,65,75,111,9,maushold,maushold-shiny
1101,925,Maushold,Family of Three,Normal,,470,74,75,70,65,75,111,9,maushold,maushold-shiny
1102,926,Fidough,,Fairy,,312,37,55,70,30,55,65,9,fidough,fidough-shiny
1103,927,Dachsbun,,Fairy,,477,57,80,115,50,80,95,9,dachsbun,dachsbun-shiny
1104,928,Smoliv,,Grass,Normal,260,41,35,45,58,51,30,9,smoliv,smoliv-shiny
1105,929,Dolliv,,Grass,Normal,354,52,53,60,78,78,33,9,dolliv,dolliv-shiny
1106,930,Arboliva,,Grass,Normal,510,78,69,90,125,109,39,9,arboliva,arboliva-shiny
1107,931,Squawkabilly,Green Plumage,Normal,Flying,417,82,96,51,45,51,92,9,squawkabilly,squawkabilly-shiny
1108,931,Squawkabilly,Blue Plumage,Normal,Flying,417,82,96,51,45,51,92,9,squawkabilly,squawkabilly-shiny
1109,931,Squawkabilly,Yellow Plumage,Normal,Flying,417,82,96,51,45,51,92,9,squawkabilly,squawkabilly-shiny
1110,931,Squawkabilly,White Plumage,Normal,Flying,417,82,96,51,45,51,92,9,squawkabilly,squawkabilly-shiny
1111,932,Nacli,,Rock,,280,55,55,75,35,35,25,9,nacli,nacli-shiny
1112,933,Naclstack,,Rock,,355,60,60,100,35,65,35,9,naclstack,naclstack-shiny
1113,934,Garganacl,,Rock,,500,100,100,130,45,90,35,9,garganacl,garganacl-shiny
1114,935,Charcadet,,Fire,,255,40,50,40,50,40,35,9,charcadet,charcadet-shiny
1115,936,Armarouge,,Fire,Psychic,525,85,60,100,125,80,75,9,armarouge,armarouge-shiny
1116,937,Ceruledge,,Fire,Ghost,525,75,125,80,60,100,85,9,ceruledge,ceruledge-shiny
1117,938,Tadbulb,,Electric,,272,61,31,41,59,35,45,9,tadbulb,tadbulb-shiny
1118,939,Bellibolt,,Electric,,495,109,64,91,103,83,45,9,bellibolt,bellibolt-shiny
1119,940,Wattrel,,Electric,Flying,280,40,40,35,55,40,70,9,wattrel,wattrel-shiny
1120,941,Kilowattrel,,Electric,Flying,490,70,70,60,105,60,125,9,kilowattrel,kilowattrel-shiny
1121,942,Maschiff,,Dark,,340,60,78,60,40,51,51,9,maschiff,maschiff-shiny
1122,943,Mabosstiff,,Dark,,505,80,120,90,60,70,85,9,mabosstiff,mabosstiff-shiny
1123,944,Shroodle,,Poison,Normal,290,40,65,35,40,35,75,9,shroodle,shroodle-shiny
1124,945,Grafaiai,,Poison,Normal,485,63,95,65,80,72,110,9,grafaiai,grafaiai-shiny
1125,946,Bramblin,,Grass,Ghost,275,40,65,30,45,35,60,9,bramblin,bramblin-shiny
1126,947,Brambleghast,,Grass,Ghost,480,55,115,70,80,70,90,9,brambleghast,brambleghast-shiny
1127,948,Toedscool,,Ground,Grass,335,40,40,35,50,100,70,9,toedscool,toedscool-shiny
1128,949,Toedscruel,,Ground,Grass,515,80,70,65,80,120,100,9,toedscruel,toedscruel-shiny
1129,950,Klawf,,Rock,,450,70,100,115,35,55,75,9,klawf,klawf-shiny
1130,951,Capsakid,,Grass,,304,50,62,40,62,40,50,9,capsakid,capsakid-shiny
1131,952,Scovillain,,Grass,Fire,486,65,108,65,108,65,75,9,scovillain,scovillain-shiny
1132,953,Rellor,,Bug,,270,41,50,60,31,58,30,9,rellor,rellor-shiny
1133,954,Rabsca,,Bug,Psychic,470,75,50,85,115,100,45,9,rabsca,rabsca-shiny
1134,955,Flittle,,Psychic,,255,30,35,30,55,30,75,9,flittle,flittle-shiny
1135,956,Espathra,,Psychic,,481,95,60,60,101,60,105,9,espathra,espathra-shiny
1136,957,Tinkatink,,Fairy,Steel,297,50,45,45,35,64,58,9,tinkatink,tinkatink-shiny
1137,958,Tinkatuff,,Fairy,Steel,380,65,55,55,45,82,78,9,tinkatuff,tinkatuff-shiny
1138,959,Tinkaton,,Fairy,Steel,506,85,75,77,70,105,94,9,tinkaton,tinkaton-shiny
1139,960,Wiglett,,Water,,245,10,55,25,35,25,95,9,wiglett,wiglett-shiny
1140,961,Wugtrio,,Water,,425,35,100,50,50,70,120,9,wugtrio,wugtrio-shiny
1141,962,Bombirdier,,Flying,Dark,485,70,103,85,60,85,82,9,bombirdier,bombirdier-shiny
1142,963,Finizen,,Water,,315,70,45,40,45,40,75,9,finizen,finizen-shiny
1143,964,Palafin,Zero Form,Water,,457,100,70,72,53,62,100,9,palafin,palafin-shiny
1144,964,Palafin,Hero Form,Water,,650,100,160,97,106,87,100,9,palafin,palafin-shiny
1145,965,Varoom,,Steel,Poison,300,45,70,63,30,45,47,9,varoom,varoom-shiny
1146,966,Revavroom,,Steel,Poison,500,80,119,90,54,67,90,9,revavroom,revavroom-shiny
1147,967,Cyclizar,,Dragon,Normal,501,70,95,65,85,65,121,9,cyclizar,cyclizar-shiny
1148,968,Orthworm,,Steel,,480,70,85,145,60,55,65,9,orthworm,orthworm-shiny
1149,969,Glimmet,,Rock,Poison,350,48,35,42,105,60,60,9,glimmet,glimmet-shiny
1150,970,Glimmora,,Rock,Poison,525,83,55,90,130,81,86,9,glimmora,glimmora-shiny
1151,971,Greavard,,Ghost,,290,50,61,60,30,55,34,9,greavard,greavard-shiny
1152,972,Houndstone,,Ghost,,488,72,101,100,50,97,68,9,houndstone,houndstone-shiny
1153,973,Flamigo,,Flying,Fighting,500,82,115,74,75,64,90,9,flamigo,flamigo-shiny
1154,974,Cetoddle,,Ice,,334,108,68,45,30,40,43,9,cetoddle,cetoddle-shiny
1155,975,Cetitan,,Ice,,521,170,113,65,45,55,73,9,cetitan,cetitan-shiny
1156,976,Veluza,,Water,Psychic,478,90,102,73,78,65,70,9,veluza,veluza-shiny
1157,977,Dondozo,,Water,,530,150,100,115,65,65,35,9,dondozo,dondozo-shiny
1158,978,Tatsugiri,Curly Form,Dragon,Water,475,68,50,60,120,95,82,9,tatsugiri,tatsugiri-shiny
1159,978,Tatsugiri,Droopy Form,Dragon,Water,475,68,50,60,120,95,82,9,tatsugiri,tatsugiri-shiny
1160,978,Tatsugiri,Stretchy Form,Dragon,Water,475,68,50,60,120,95,82,9,tatsugiri,tatsugiri-shiny
1161,979,Annihilape,,Fighting,Ghost,535,110,115,80,50,90,90,9,annihilape,annihilape-shiny
1162,980,Clodsire,,Poison,Ground,430,130,75,60,45,100,20,9,clodsire,clodsire-shiny
1163,981,Farigiraf,,Normal,Psychic,520,120,90,70,110,70,60,9,farigiraf,farigiraf-shiny
1164,982,Dudunsparce,Two-Segment Form,Normal,,520,125,100,80,85,75,55,9,dudunsparce,dudunsparce-shiny
1165,982,Dudunsparce,Three-Segment Form,Normal,,520,125,100,80,85,75,55,9,dudunsparce,dudunsparce-shiny
1166,983,Kingambit,,Dark,Steel,550,100,135,120,60,85,50,9,kingambit,kingambit-shiny
1167,984,Great Tusk,,Ground,Fighting,570,115,131,131,53,53,87,9,great tusk,great tusk-shiny
1168,985,Scream Tail,,Fairy,Psychic,570,115,65,99,65,115,111,9,scream tail,scream tail-shiny
1169,986,Brute Bonnet,,Grass,Dark,570,111,127,99,79,99,55,9,brute bonnet,brute bonnet-shiny
1170,987,Flutter Mane,,Ghost,Fairy,570,55,55,55,135,135,135,9,flutter mane,flutter mane-shiny
1171,988,Slither Wing,,Bug,Fighting,570,85,135,79,85,105,81,9,slither wing,slither wing-shiny
1172,989,Sandy Shocks,,Electric,Ground,570,85,81,97,121,85,101,9,sandy shocks,sandy shocks-shiny
1173,990,Iron Treads,,Ground,Steel,570,90,112,120,72,70,106,9,iron treads,iron treads-shiny
1174,991,Iron Bundle,,Ice,Water,570,56,80,114,124,60,136,9,iron bundle,iron bundle-shiny
1175,992,Iron Hands,,Fighting,Electric,570,154,140,108,50,68,50,9,iron hands,iron hands-shiny
1176,993,Iron Jugulis,,Dark,Flying,570,94,80,86,122,80,108,9,iron jugulis,iron jugulis-shiny
1177,994,Iron Moth,,Fire,Poison,570,80,70,60,140,110,110,9,iron moth,iron moth-shiny
1178,995,Iron Thorns,,Rock,Electric,570,100,134,110,70,84,72,9,iron thorns,iron thorns-shiny
1179,996,Frigibax,,Dragon,Ice,320,65,75,45,35,45,55,9,frigibax,frigibax-shiny
1180,997,Arctibax,,Dragon,Ice,423,90,95,66,45,65,62,9,arctibax,arctibax-shiny
1181,998,Baxcalibur,,Dragon,Ice,600,115,145,92,75,86,87,9,baxcalibur,baxcalibur-shiny
1182,999,Gimmighoul,Chest Form,Ghost,,300,45,30,70,75,70,10,9,gimmighoul,gimmighoul-shiny
1183,999,Gimmighoul,Roaming Form,Ghost,,300,45,30,25,75,45,80,9,gimmighoul,gimmighoul-shiny
1184,1000,Gholdengo,,Steel,Ghost,550,87,60,95,133,91,84,9,gholdengo,gholdengo-shiny
1185,1001,Wo-Chien,,Dark,Grass,570,85,85,100,95,135,70,9,wo-chien,wo-chien-shiny
1186,1002,Chien-Pao,,Dark,Ice,570,80,120,80,90,65,135,9,chien-pao,chien-pao-shiny
1187,1003,Ting-Lu,,Dark,Ground,570,155,110,125,55,80,45,9,ting-lu,ting-lu-shiny
1188,1004,Chi-Yu,,Dark,Fire,570,55,80,80,135,120,100,9,chi-yu,chi-yu-shiny
1189,1005,Roaring Moon,,Dragon,Dark,590,105,139,71,55,101,119,9,roaring moon,roaring moon-shiny
1190,1006,Iron Valiant,,Fairy,Fighting,590,74,130,90,120,60,116,9,iron valiant,iron valiant-shiny
1191,1007,Koraidon,,Fighting,Dragon,670,100,135,115,85,100,135,9,koraidon,koraidon-shiny
1192,1008,Miraidon,,Electric,Dragon,670,100,85,100,135,115,135,9,miraidon,miraidon-shiny
1193,1009,Walking Wake,,Water,Dragon,590,99,83,91,125,83,109,9,walking wake,walking wake-shiny
1194,1010,Iron Leaves,,Grass,Psychic,590,90,130,88,70,108,104,9,iron leaves,iron leaves-shiny
1195,425,Drifloon,Realidea,Ghost,Fire,348,90,50,34,60,44,70,10001,drifloon,drifloon-shiny
1196,426,Drifblim,Realidea,Ghost,Fire,498,150,80,44,90,54,80,10001,drifblim-realidea,drifblim-shiny
1226,100000,Polekin,Iberia,Grass,,313,58,65,50,44,45,51,10001,polekin,polekin-shiny
1227,100001,Fungorse,Iberia,Grass,Fairy,410,80,90,60,60,55,65,10001,fungorse,fungorse-shiny
1228,100002,Cervantrier,Iberia,Grass,Fairy,530,95,115,70,80,80,90,10001,cervantier,cervantier-shiny
1230,100002,Cervantrier,Mega Iberia,Grass,Fairy,620,95,140,100,85,100,100,10001,mega-cervantrier,mega-cervantrier-shiny
1231,100003,Lugnis,Iberia,Fire,,309,39,60,43,52,50,65,10001,lugnis,lugnis-shiny
1232,100004,Luravit,Iberia,Fire,,415,65,80,55,70,55,90,10001,luravit,luravit-shiny
1233,100005,Luxpiravit,Iberia,Fire,Ghost,540,75,112,70,98,70,115,10001,luxpiravit,luxpiravit-shiny
1234,100005,Luxpiravit,Mega Iberia,Fire,Ghost,635,75,140,90,105,90,135,10001,mega-luxpiravit,mega-luxpiravit-shiny
1235,100006,Quisquite,Iberia,Water,Bug,317,53,51,60,63,50,40,10001,quisquite,quisquite-shiny
1236,100007,Gambarrel,Iberia,Water,Bug,417,75,65,85,77,65,50,10001,gambarrel,gambarrel-shiny
1237,100008,Bogaleon,Iberia,Water,Bug,530,85,82,110,118,65,70,10001,bogaleon,bogaleon-shiny
1238,100008,Bogaleon,Mega Iberia,Water,Bug,630,85,95,135,140,85,90,10001,mega-bogaleon,mega-bogaleon-shiny
